"","participantId","task","id","rsp_time","status","data.select.x","data.select.y","pixel.select.x","pixel.select.y","param.mu","param.sigma","param.lambda","param.p","param.q","pixelToMM","dist_to_screen","data.select.left_area","data.ans.x","pixel.med.x","pixel.mod.x","phy.select.x","phy.med.x","phy.mod.x","va.select.x","va.med.x","va.mod.x"
"1","67f03733938aa3f0d17ce8a8","task1","1",8.22,"completed",0.34,0.218605710964155,335.69,323.650744169159,0.41,1.5,-0.01,3.69,16.55,4.6,668.258963114506,0.489697578893479,0.387127810858969,338.211337880955,339.435,62.1065217391305,62.6546386697728,62.920652173913,5.32111616602971,5.36800894681763,5.39076642308711
"2","67f03733938aa3f0d17ce8a8","task1","2",5.467,"completed",0.09,0.31052374733982,322.315,287.343119800771,-0.65,1.17,0.53,2.92,5.89,4.6,668.258963114506,0.4692395323358,0.189604871686381,327.643860635221,282.725,59.1989130434783,60.3573610076568,50.5923913043478,5.0723334860035,5.17145921908957,4.33566521389853
"3","67f03733938aa3f0d17ce8a8","task1","3",5.354,"completed",0.34,0.521064639028369,335.69,204.179467583794,0.42,0.62,-0.15,3.94,37.73,4.6,668.258963114506,0.53331408923348,0.276060567467249,332.269240359498,339.97,62.1065217391305,61.3628783390213,63.0369565217391,5.32111616602971,5.25749275613303,5.40071613562974
"4","67f03733938aa3f0d17ce8a8","task1","4",5.059,"completed",0.09,0.350076535973942,322.315,271.719768290293,-0.89,1.05,0.79,2.6,27.22,4.6,668.258963114506,0.467448266910563,0.183908962486328,327.339129493019,269.885,59.1989130434783,60.2911151071779,47.8010869565217,5.0723334860035,5.16579091681364,4.09666580521768
"5","67f03733938aa3f0d17ce8a8","task1","5",5.606,"completed",-0.43,0.634067966307905,294.495,159.543153308378,-0.37,0.51,-0.15,3.91,46.15,4.6,668.258963114506,0.536955412831699,-0.488287615313976,291.376612580702,297.705,53.1510869565217,52.4731766479788,53.8489130434783,4.55471490898892,4.49668224805765,4.61445002274184
"6","67f03733938aa3f0d17ce8a8","task1","6",4.765,"completed",-0.2,0.296800308327529,306.8,292.763878210626,-0.59,1.17,0.42,3.14,21.39,4.6,668.258963114506,0.405968702355363,0.118541630842392,323.841977250068,285.935,55.8260869565217,59.53086461958,51.2902173913044,4.78368577862855,5.10073860336764,4.39540925126028
"7","67f03733938aa3f0d17ce8a8","task1","7",4.473,"completed",0.3,0.230180679583476,333.55,319.078631564527,-0.75,1.4,0.57,4.43,49.01,4.6,668.258963114506,0.457420712443779,0.48530990214047,343.464079764515,277.375,61.6413043478261,63.7965390792424,49.429347826087,5.28131424926767,5.46569560003582,4.23608659366237
"8","67f03733938aa3f0d17ce8a8","task1","8",5.489,"completed",-0.93,0.381922834836586,267.745,259.140480239549,-0.38,0.94,-0.67,3.08,17.87,4.6,668.258963114506,0.623217289183207,-1.25737621313474,250.230372597291,297.17,47.3358695652174,43.5283418689764,53.7326086956522,4.05682904740581,3.73075286764243,4.60449434382138
"9","67f03733938aa3f0d17ce8a8","task1","9",6.02,"completed",0.97,0.463003053272738,369.395,227.113793957269,1.2,0.74,-0.27,3.13,24.75,4.6,668.258963114506,0.528288381047393,0.908818692072846,366.121800025897,381.7,69.4336956521739,68.7221304404125,72.1086956521739,5.94782069973372,5.88697443304093,6.17653086425379
"10","67f03733938aa3f0d17ce8a8","task1","10",6.263,"completed",0.59,0.668605985606372,349.065,145.900635685483,0.8,0.56,-0.79,2.91,43.5,4.6,668.258963114506,0.754241956763307,0.200540230179453,328.228902314601,360.3,65.0141304347826,60.4845439814349,67.4565217391304,5.56984865899428,5.18234150509937,5.77874346538787
"11","5c8f2ac8d7ecab0018d529aa","task1","1",13.499,"completed",0.05,0.167376113777503,320.175,343.886435057886,-0.15,1.87,0.1,4.74,45.22,3.83529411764706,663.935154559709,0.483475254609397,0.148728465400361,325.456972898919,309.475,70.4444018404908,71.8216033632152,67.6545245398773,6.07346492011836,6.1919735369847,5.8333555220309
"12","5c8f2ac8d7ecab0018d529aa","task1","2",13.248,"completed",0.28,0.268249610506334,332.48,304.041403849998,1.47,1.31,-0.71,2.98,38.74,3.83529411764706,663.935154559709,0.525102085834001,0.1859128956275,327.446339916071,396.145,73.6527607361963,72.3403033523499,90.2525306748466,6.34952462132,6.23660440831893,7.77658513335036
"13","5c8f2ac8d7ecab0018d529aa","task1","3",6.538,"completed",-0.8,0.64545817224329,274.7,155.044021963901,-0.92,0.56,0.36,2.71,31.15,3.83529411764706,663.935154559709,0.397572536388964,-0.640162685891096,283.251296304826,268.28,58.5874233128834,60.8170557850007,56.9134969325153,5.05265669159778,5.24467963176693,4.90847418041628
"14","5c8f2ac8d7ecab0018d529aa","task1","4",8.641,"completed",0.11,0.537427456619961,323.385,197.716154635115,-0.17,0.64,0.49,3.34,16.64,3.83529411764706,663.935154559709,0.405886473863648,0.286151063165802,332.80908187937,308.405,71.2813650306748,73.7385642937009,67.3755368098159,6.14548742766407,6.35690649524975,5.80934172741597
"15","5c8f2ac8d7ecab0018d529aa","task1","5",11.417,"completed",-0.03,0.557842087677683,315.895,189.652375367315,-0.63,0.64,0.83,3.42,6.69,3.83529411764706,663.935154559709,0.426729174643947,0.102939598321749,323.007268510214,283.795,69.3284509202454,71.182876758798,60.9588190184049,5.97742744811721,6.13701254830044,5.25688774082116
"16","5c8f2ac8d7ecab0018d529aa","task1","6",9.985,"completed",0.18,0.285976256924118,327.13,297.039378514973,-1,1.18,0.7,3.46,40.93,3.83529411764706,663.935154559709,0.4959866815938,0.19404312466871,327.881307169776,264,72.2578220858896,72.4537150596042,55.7975460122699,6.22950754045203,6.24636252049527,4.81234383781463
"17","5c8f2ac8d7ecab0018d529aa","task1","7",7.265,"completed",-1.13,0.297021579303839,257.045,292.676476174984,-0.54,1.11,-0.32,3.62,30.42,3.83529411764706,663.935154559709,0.483946042567094,-1.07599888049274,259.934059893639,288.61,53.9841257668712,54.7374082544763,62.214263803681,4.65611763514317,4.72101507770387,5.36499661531782
"18","5c8f2ac8d7ecab0018d529aa","task1","8",9.361,"completed",0.88,0.222647469261846,364.58,322.054249641571,0.88,1.43,0,4.51,6.6,3.83529411764706,663.935154559709,NA,0.88,364.58,364.58,82.0223926380368,82.0223926380368,82.0223926380368,7.06932519115507,7.06932519115507,7.06932519115507
"19","5c8f2ac8d7ecab0018d529aa","task1","9",7.711,"completed",0.43,0.203183464336807,340.505,329.742531586961,0.68,1.58,-0.13,4.52,4.36,3.83529411764706,663.935154559709,0.51420354221378,0.36009411536334,336.765035171939,353.88,75.7451687116564,74.7700245080208,79.2325153374233,6.52952401861139,6.44564119721206,6.82945091159094
"20","5c8f2ac8d7ecab0018d529aa","task1","10",6.51,"completed",-0.97,0.251834958599488,265.605,310.525191353202,-1.05,1.29,0.06,3.8,34.62,3.83529411764706,663.935154559709,0.490146841095843,-0.930874380402959,267.698220648442,261.325,56.216027607362,56.7618059972931,55.1000766871166,4.84839351779209,4.89540760944151,4.75225892329605
"21","6740e1e09ca406ab781318cb","task1","1",45.304,"completed",0.4,0.176389017991555,338.9,340.326337893336,-1.84,1.41,0.35,3.63,16.83,5.12941176470588,704.446770176702,0.823455914632613,-1.09878870535093,258.714804263725,219.06,56.322247706422,40.6898127578363,32.9589449541284,4.57850022643051,3.30856322069424,2.68020829302022
"22","6740e1e09ca406ab781318cb","task1","2",12.13,"completed",3.26,0.0910066475860225,491.91,374.052374203521,1.04,1.87,-0.24,4.65,43.1,5.12941176470588,704.446770176702,0.959028085759134,0.327369564020735,335.014271675109,373.14,86.1521788990826,55.5647089274869,62.9974770642202,6.99842462511551,4.5169832322891,5.12045343877705
"23","6740e1e09ca406ab781318cb","task1","3",6.164,"completed",-0.44,0.30012525129393,293.96,291.450525738898,0.35,0.98,0.15,4.23,37.86,5.12941176470588,704.446770176702,0.171783198176343,0.580446655110815,348.553896048429,336.225,47.5610091743119,58.2043145965973,55.800745412844,3.86687934376979,4.73132459184357,4.53615118565193
"24","6740e1e09ca406ab781318cb","task1","4",4.322,"completed",2.33,0.291698443244911,442.155,294.77911491826,1.69,1.08,-0.19,3.01,20.33,5.12941176470588,704.446770176702,0.795529517642056,1.39357332790257,392.056173042787,407.915,76.4522362385321,66.6852630932039,69.7770068807339,6.21210680426115,5.41976328918699,5.67064002592005
"25","6740e1e09ca406ab781318cb","task1","5",81.232,"completed",-0.25,0.00953745991305164,304.125,406.232703334345,-0.56,0.72,-0.81,4.5,24.47,5.12941176470588,704.446770176702,0.999839769745881,-1.44480150129585,240.203119680672,287.54,49.5427178899083,37.0808834239843,46.3094036697248,4.02786928941717,3.01525658291628,3.765193574733
"26","6740e1e09ca406ab781318cb","task1","6",10.329,"completed",-1.75,0.341846135857016,223.875,274.970776336479,-1.69,0.93,-0.06,4.29,29.74,5.12941176470588,704.446770176702,0.509489221948464,-1.77775877872153,222.389905338398,227.085,33.8976490825688,33.6081237471647,34.5234518348624,2.75651430272248,2.7329794310211,2.80738362171421
"27","6740e1e09ca406ab781318cb","task1","7",21.771,"completed",-2,0.0130529792894149,210.5,404.844073180681,0.34,0.63,-0.62,4.78,7.43,5.12941176470588,704.446770176702,0.00198562912482814,-0.263833532025777,303.384906036621,335.69,31.2901376146789,49.3984335163137,55.6964449541284,2.5445473377748,4.01614845247293,4.52768122835607
"28","6740e1e09ca406ab781318cb","task1","8",18.086,"completed",1.37,0.569879267318958,390.795,184.897689409012,1.95,0.64,-0.85,2.96,24.41,5.12941176470588,704.446770176702,0.584636047948181,1.21882490774077,382.707132564131,421.825,66.4393922018349,64.8626290549338,72.4888188073394,5.39981005566777,5.27184278998029,5.89064284099938
"29","6740e1e09ca406ab781318cb","task1","9",13.492,"completed",2.02,0.261808232746753,425.57,306.585748065032,0.42,1.11,0.44,4.28,17.92,5.12941176470588,704.446770176702,0.737174413116963,1.17533416104548,380.380377615933,339.97,73.2189220183486,64.4090185719135,56.5308486238532,5.94986701043063,5.23502612632392,4.59543949302904
"30","6740e1e09ca406ab781318cb","task1","10",4.558,"completed",1.93,0.272830238074701,420.755,302.232055960493,0.92,1.01,-0.08,4.19,44.02,5.12941176470588,704.446770176702,0.850307479579842,0.793333517984856,359.94334321219,366.72,72.2802178899082,60.424734341826,61.745871559633,5.87372106981484,4.91160161263306,5.01885393755637
"31","67e557aa25a43e8dde6c806c","task1","1",66.582,"completed",0.9,0.352732607915397,365.65,270.670619873418,1.43,0.96,-0.59,3.6,38.11,4.64705882352941,547.956608573329,0.607484995450198,0.593281061549012,349.240536792872,394.005,67.9246835443038,64.3935332339092,74.0263924050633,7.0933092424684,6.72542394643649,7.72865344498007
"32","67e557aa25a43e8dde6c806c","task1","2",45.457,"completed",0.71,0.598489830327674,355.485,173.596517020569,0.69,0.54,0.14,4.03,13.33,4.64705882352941,547.956608573329,0.441969797779882,0.806964546304478,360.67260322729,354.415,65.7372784810127,66.8535981628345,65.5070253164557,6.86543592539695,6.98173563581975,6.8414460663847
"33","67e557aa25a43e8dde6c806c","task1","3",27.747,"completed",-0.06,0.212862074074713,314.29,325.919480740488,0.67,1.48,-0.35,4.76,39.58,4.64705882352941,547.956608573329,0.519531629776099,-0.151777011989655,309.379929858554,353.345,56.8725316455696,55.8159342733596,65.2767721518987,5.94141122194049,5.83122190270911,6.81745560695218
"34","67e557aa25a43e8dde6c806c","task1","4",13.797,"completed",-0.41,0.469827810334481,295.565,224.41801491788,-0.43,0.74,0.02,2.91,24.31,4.64705882352941,547.956608573329,0.499396602367903,-0.408715703910265,295.633709840801,294.495,52.8431012658228,52.8578869277673,52.6128481012658,5.52113695725949,5.52267939764621,5.49711668704853
"35","67e557aa25a43e8dde6c806c","task1","5",11.875,"completed",-0.52,0.392140805919946,289.68,255.104381661621,-1.23,0.88,0.73,3.8,6.16,4.64705882352941,547.956608573329,0.415758853956379,-0.303431942274886,301.266391088294,251.695,51.5767088607595,54.0699828924176,43.4027215189873,5.38901951859308,5.64911839691117,4.5359318171541
"36","67e557aa25a43e8dde6c806c","task1","6",42.704,"completed",-1.16,0.340453506155422,255.44,275.520865068608,-0.88,1.02,-0.3,2.99,39.22,4.64705882352941,547.956608573329,0.554505202974302,-1.32055817539769,246.850137616224,270.42,44.2086075949367,42.3601561958962,47.4321518987342,4.62006295386073,4.42708511054301,4.95653676798889
"37","67e557aa25a43e8dde6c806c","task1","7",17.693,"completed",-0.19,0.691217488803052,307.335,136.969091922794,-0.08,0.51,-0.46,3.03,28.62,4.64705882352941,547.956608573329,0.65392206309701,-0.414331626917634,295.333257959907,313.22,55.3758860759494,52.7932327255495,56.6422784810127,5.7853274221141,5.51593465592946,5.91739975131121
"38","67e557aa25a43e8dde6c806c","task1","8",18.132,"completed",-0.02,0.292257273300163,316.43,294.558377046436,0.62,1.12,-0.5,4.09,17.69,4.64705882352941,547.956608573329,0.562594033655346,-0.234672277974382,304.945033128371,350.67,57.3330379746836,54.8615894073709,64.7011392405063,5.98943259452591,5.73168690243579,6.75747684518659
"39","67e557aa25a43e8dde6c806c","task1","9",28.337,"completed",-1.5,0.399491710311567,237.25,252.200774426931,-0.8,0.84,-0.83,4.23,17.15,4.64705882352941,547.956608573329,0.634290999798838,-1.83887341848536,219.120272111033,274.7,40.2943037974684,36.3929699479439,48.353164556962,4.21138097732028,3.80394647100607,5.05265669159778
"40","67e557aa25a43e8dde6c806c","task1","10",26.624,"completed",2.25,0.419773892717269,437.875,244.189312376679,1.82,0.76,0.41,4.46,42.48,4.64705882352941,547.956608573329,0.475732378598642,2.30784271160311,440.969585070766,414.87,83.4667721518987,84.1326955215573,78.516329113924,8.71068800321559,8.77991393058604,8.19586933778074
"41","67f441842da280dba751a76b","task1","1",18.144,"completed",0.46,0.384547577417627,342.11,258.103706920037,0.32,0.96,0.13,2.42,47.44,6.25882352941176,470.292618151813,0.48893512226608,0.4887940846619,343.650483529412,334.62,46.6717105263158,46.9178404135338,45.475,5.68135776392145,5.71126974741409,5.53591144845336
"42","67f441842da280dba751a76b","task1","2",5.63,"completed",1.77,0.47121059134311,412.195,223.871816419471,1.9,0.66,-0.03,4.98,28.29,6.25882352941176,470.292618151813,0.45374177773992,1.86816762666001,417.44696802631,419.15,57.8695018796992,58.7086321094669,58.9807330827068,7.04136941295345,7.14320958715001,7.1762304230082
"43","67f441842da280dba751a76b","task1","3",3.699,"completed",-0.44,0.268664779522916,293.96,303.877412088448,-0.2,1.27,-0.23,3.14,42.91,6.25882352941176,470.292618151813,0.550490944237297,-0.628168319607973,283.892994900973,306.8,38.9785714285714,37.370121365757,41.0300751879699,4.74604622015771,4.55041094514613,4.99552966146358
"44","67f441842da280dba751a76b","task1","4",3.312,"completed",-0.77,0.655345642089846,276.305,151.138471374511,-0.61,0.53,-0.53,3.23,49.05,6.25882352941176,470.292618151813,0.660051495998996,-1.01614498266847,263.136243427237,284.865,36.1577537593985,34.0537231039758,37.5254229323308,4.40293344939741,4.14695595115185,4.56930140162131
"45","67f441842da280dba751a76b","task1","5",4.12,"completed",1.35,0.343562514920382,389.725,274.292806606449,1.5,0.95,-0.21,3.8,27.35,6.25882352941176,470.292618151813,0.55346317299587,1.19433995212681,381.397187438785,397.75,54.2793703007519,52.9487987449186,55.5615601503759,6.60553299652305,6.44395438915134,6.76121148042274
"46","67f441842da280dba751a76b","task1","6",2.687,"completed",0.48,0.318949017304744,343.18,284.015138164626,0.47,1.04,-0.04,3.63,8.23,6.25882352941176,470.292618151813,0.523189490196156,0.407293980760542,339.290227970689,342.645,46.8426691729323,46.2211830404296,46.7571898496241,5.70213432446998,5.62660348673815,5.6917460910107
"47","67f441842da280dba751a76b","task1","7",5.154,"completed",-0.08,0.322504882063632,313.22,282.610571584865,-0.13,1.06,0,3.08,25.03,6.25882352941176,470.292618151813,0.516125469715087,-0.13,310.545,310.545,42.0558270676692,41.6284304511278,41.6284304511278,5.12025376207098,5.0682868451226,5.0682868451226
"48","67f441842da280dba751a76b","task1","8",3.466,"completed",0.81,0.536651475787958,360.835,198.022667063757,0.38,0.61,0.66,4.68,5.7,6.25882352941176,470.292618151813,0.401112106842218,0.994852094641389,370.724587063314,337.83,49.6634868421053,51.2435900383115,45.9878759398496,6.04489239346528,6.23684411652404,5.59824779686852
"49","67f441842da280dba751a76b","task1","9",4.208,"completed",0.31,0.393782621271409,334.085,254.455864597794,0.92,0.83,-0.54,4.11,18.76,6.25882352941176,470.292618151813,0.528644062614,0.237139344122695,330.186954910564,366.72,45.3895206766917,44.7667127206728,50.6037593984962,5.52552173725795,5.4498188863202,6.15912133185698
"50","67f441842da280dba751a76b","task1","10",4.417,"completed",-0.79,0.542328521563754,275.235,195.780233982317,-1.18,0.63,0.63,3.62,13.92,6.25882352941176,470.292618151813,0.397430750530962,-0.599462418013267,285.42876063629,254.37,35.986795112782,37.615497470084,32.6531015037594,4.38213613517506,4.58025770748117,3.97653245986429
"51","67f9736009c0ccdd5034f448","task1","1",15.892,"completed",0.61,0.284266296499321,350.135,297.714812882768,1.53,1.22,-0.73,3.65,8.57,5.88235294117647,559.39971590409,0.60147290301141,0.249548852943992,330.850863632504,399.355,51.02295,47.7446468175256,59.39035,5.22233997686897,4.8872172594835,6.07727429476074
"52","67f9736009c0ccdd5034f448","task1","2",14.555,"completed",1.84,0.526249077981589,415.94,202.131614197273,1.27,0.65,0.62,3.2,31.77,5.88235294117647,559.39971590409,0.497659958704783,1.84444849558508,416.177994513802,385.445,62.2098,62.2502590673463,57.02565,6.36520226870292,6.36933345425637,5.8357269265916
"53","67f9736009c0ccdd5034f448","task1","3",18.913,"completed",0.92,0.259095099981033,366.72,307.657435507492,0.89,1.22,-0.07,4.56,12.14,5.88235294117647,559.39971590409,0.542772853034435,0.754914399299683,357.887920362533,365.115,53.8424,52.3409464616306,53.56955,5.51048541513468,5.35704656414016,5.48260336206754
"54","67f9736009c0ccdd5034f448","task1","4",86.264,"completed",-1.05,0.372677912317214,261.325,262.792224634701,-1.25,0.97,0.27,2.66,23.27,5.88235294117647,559.39971590409,0.439673274741381,-0.887456168619024,270.021094978882,250.625,35.92525,37.40358614641,34.10625,3.67833256060092,3.82958673260353,3.49220623922245
"55","67f9736009c0ccdd5034f448","task1","5",9.777,"completed",-0.53,0.345032029014034,289.145,273.712348539457,0.01,1,-0.61,3.4,28.96,5.88235294117647,559.39971590409,0.617962983818658,-0.874915428053719,270.692024599126,318.035,40.65465,37.5176441818514,45.56595,4.16216770059392,3.84125589440176,4.66445455832384
"56","67f9736009c0ccdd5034f448","task1","6",8.289,"completed",-0.39,0.603723646922195,296.635,171.529159465733,-0.08,0.56,-0.73,4,13.52,5.88235294117647,559.39971590409,0.677612126916707,-0.686388728789529,280.77820300976,313.22,41.92795,39.2322945116592,44.7474,4.29240636338121,4.01667028822903,4.58075201302343
"57","67f9736009c0ccdd5034f448","task1","7",10.142,"completed",-1.16,0.370506473277046,255.44,263.649943055567,-1.11,1.01,-0.09,2.36,32.3,5.88235294117647,559.39971590409,0.526471253174716,-1.23150069792011,251.614712661274,258.115,34.9248,34.2745011524166,35.37955,3.57596542362025,3.50942306309327,3.62249665802091
"58","67f9736009c0ccdd5034f448","task1","8",20.348,"completed",1.77,0.578108178178814,412.195,181.647269619368,1.79,0.69,-0.16,2.19,9.18,5.88235294117647,559.39971590409,0.568436593559941,1.6511664622238,405.837405728973,413.265,61.57315,60.4923589739254,61.75505,6.30019317647073,6.1898230397092,6.31876761888929
"59","67f9736009c0ccdd5034f448","task1","9",8.764,"completed",0.07,0.484207595317338,321.245,218.737999849652,0.22,0.69,-0.34,3.5,48.67,5.88235294117647,559.39971590409,0.597352253248942,-0.131437056275385,310.468117489267,329.27,46.11165,44.2795799731754,47.4759,4.72025349408815,4.53291189384515,4.85974097767992
"60","67f9736009c0ccdd5034f448","task1","10",7.082,"completed",-1.19,0.509024551573259,253.835,208.935302128563,-1.28,0.65,0.12,3.61,12.22,5.88235294117647,559.39971590409,0.485815298187125,-1.16213181186157,255.325948065406,249.02,34.65195,34.905411171119,33.8334,3.54804611576076,3.57398148054265,3.46428567715461
"61","67fbed03e8c70e38014c41b3","task1","1",7.871,"completed",-1.35,0.243407464321364,245.275,313.854051593061,-1.58,1.36,0.18,3.79,6.31,5.08235294117647,588.991385699668,0.465988151222001,-1.21023993015096,252.752163736924,232.97,38.4221643518519,39.8933655500892,36.0010416666667,3.73629858741101,3.8792558019464,3.50101199721823
"62","67fbed03e8c70e38014c41b3","task1","2",7.008,"completed",-0.29,0.557306444583629,301.985,189.863954389466,-0.5,0.63,0.48,3.08,26.34,5.08235294117647,588.991385699668,0.377255273908607,-0.0680089695133065,313.861520131038,290.75,49.5803819444444,51.9171972480052,47.3697916666667,4.82022491011306,5.04712394111918,4.60554717401132
"63","67fbed03e8c70e38014c41b3","task1","3",24.165,"completed",-0.33,0.663482469708152,299.845,147.92442446528,0.03,0.66,-0.69,2.14,4.91,5.08235294117647,588.991385699668,0.594659252725142,-0.477650169708223,291.94571592061,319.105,49.1593171296296,47.6050598454904,52.948900462963,4.77933647662986,4.62839640987062,5.14728729654377
"64","67fbed03e8c70e38014c41b3","task1","4",7.744,"completed",-0.81,0.308579577511465,274.165,288.111066882971,-1.62,1.05,0.65,4.55,19.96,5.08235294117647,588.991385699668,0.425569220751197,-0.568088669111352,287.107256202543,230.83,44.1065393518519,46.6530480954077,35.5799768518519,4.28858325424629,4.53593481682447,3.46008951993704
"65","67fbed03e8c70e38014c41b3","task1","5",5.89,"completed",0.21,0.44288406613032,328.735,235.060793878524,0.58,0.75,-0.56,4.77,2.54,5.08235294117647,588.991385699668,0.616066448122173,-0.0526024378308576,314.685769576049,348.53,54.8436921296296,52.0793759582504,58.7385416666667,5.33122335954287,5.06286964689519,5.70922679362746
"66","67fbed03e8c70e38014c41b3","task1","6",9.424,"completed",-1.02,0.371458609506105,262.93,263.273849245089,-1.44,1.04,0.53,2.41,16.58,5.08235294117647,588.991385699668,0.392971756043662,-0.726054942695881,278.65606056577,240.46,41.8959490740741,44.9901971020613,37.4747685185185,4.0738281555188,4.3744207603975,3.64423356514655
"67","67fbed03e8c70e38014c41b3","task1","7",4.923,"completed",-0.6,0.313073838435444,285.4,286.335833818,-0.24,1.06,-0.42,3.73,24.48,5.08235294117647,588.991385699668,0.597228196188913,-0.911338279758385,268.743402032926,304.66,46.3171296296296,43.0397897518489,50.106712962963,4.50330821827002,4.18495400823823,4.87133372372819
"68","67fbed03e8c70e38014c41b3","task1","8",5.245,"completed",-1.45,0.50175576977251,239.925,211.806470939859,-1.7,0.68,0.48,3.55,9.13,5.08235294117647,588.991385699668,0.38557239906605,-1.22089262313417,252.182244662322,226.55,37.3695023148148,39.7812286951328,34.7378472222222,3.63400382554239,3.86835983810159,3.37824192729377
"69","67fbed03e8c70e38014c41b3","task1","9",7.46,"completed",1.21,0.283071304563033,382.235,298.186834697602,1.52,1.15,-0.36,4.07,14.19,5.08235294117647,588.991385699668,0.592235982334377,0.883829953268248,364.784902499851,398.82,65.3703125,61.9368442418689,68.6335648148148,6.35256383500866,6.01953627531047,6.66898193836589
"70","67fbed03e8c70e38014c41b3","task1","10",9.278,"completed",-0.48,0.337524006831907,291.82,276.678017301397,-1.37,1,0.82,4.76,3.2,5.08235294117647,588.991385699668,0.391426873695387,-0.156497743832092,309.127370704983,244.205,47.5803240740741,50.9857095137119,38.2116319444444,4.62599409005854,4.95668341518962,3.71584010636865
"71","558d8d71fdf99b534f79b352","task1","1",13.092,"completed",-0.41,0.522504891192248,295.565,203.610567979062,-0.26,0.64,-0.33,3.48,43.69,4.4,605.861784740424,0.586599159559883,-0.576044796110672,286.681603408079,303.59,55.8102272727273,53.7912735018361,57.6340909090909,5.27419330283738,5.08365250718677,5.44629721210209
"72","558d8d71fdf99b534f79b352","task1","2",21.883,"completed",0.24,0.495468258280819,330.34,214.290037979076,0.56,0.65,-0.49,4.69,6.57,4.4,605.861784740424,0.58638340034775,0.065429121962509,321.000458024994,347.46,63.7136363636364,61.5910131874987,67.6045454545454,6.01979502276219,5.81959581143854,6.38667709508285
"73","558d8d71fdf99b534f79b352","task1","3",18.167,"completed",1.24,0.437508186449789,383.84,237.184266352334,1.58,0.8,-0.51,3.09,48.25,4.4,605.861784740424,0.60570529656769,0.996331262305367,370.803722533337,402.03,75.8727272727273,72.9099369393948,80.0068181818182,7.1658572010356,6.88672113253183,7.55520310201385
"74","558d8d71fdf99b534f79b352","task1","4",16.816,"completed",1.34,0.419889476550992,389.19,244.143656762358,1.66,0.75,-0.42,4.93,26,4.4,605.861784740424,0.575614961253709,1.15982047869672,379.550395610274,406.31,77.0886363636364,74.8978171841533,80.9795454545454,7.28038830361873,7.0740163442679,7.64678885440243
"75","558d8d71fdf99b534f79b352","task1","5",18.77,"completed",-1.03,0.410657190404088,262.395,247.790409790385,-0.7,0.77,-0.22,4.55,19.65,4.4,605.861784740424,0.47440210866826,-0.967681687436367,265.729029722154,280.05,48.2715909090909,49.0293249368533,52.2840909090909,4.56258639708708,4.63412926200255,4.94139223387599
"76","558d8d71fdf99b534f79b352","task1","6",18.779,"completed",-0.55,0.186000504734456,288.075,336.52980062989,-0.87,1.78,0.18,3.54,26.51,4.4,605.861784740424,0.469529922207297,-0.386135245296201,296.841764376653,270.955,54.1079545454545,56.1004009946939,50.2170454545454,5.11354148670358,5.30157636627893,4.74626280551116
"77","558d8d71fdf99b534f79b352","task1","7",16.576,"completed",2.4,0.490419557047613,445.9,216.284274966193,1.65,0.69,0.72,3.29,22.71,4.4,605.861784740424,0.52286650846193,2.35360898865675,443.418080893136,405.775,89.9772727272727,89.4132002029855,80.8579545454545,8.49347827914167,8.44042516994513,7.63534116797792
"78","558d8d71fdf99b534f79b352","task1","8",11.856,"completed",-0.34,0.415214921516574,299.31,245.990106000953,-1.42,0.78,0.8,3.68,40.11,4.4,605.861784740424,0.573519238500243,-0.513949864453432,290.003682251741,241.53,56.6613636363636,54.5462914208503,43.5295454545454,5.35451147093188,5.1549114331712,4.11477875400706
"79","558d8d71fdf99b534f79b352","task1","9",20.106,"completed",0.32,0.196869139293748,334.62,332.23668997897,0.27,1.59,0.1,4.78,24.74,4.4,605.861784740424,0.459843456989062,0.52397612489498,345.532722681881,331.945,64.6863636363636,67.1665278822458,64.0784090909091,6.11152741676997,6.34538189569679,6.0541955818214
"80","558d8d71fdf99b534f79b352","task1","10",11.105,"completed",-0.47,0.621110018199362,292.355,164.661542811252,-0.42,0.53,-0.21,3.68,19.82,4.4,605.861784740424,0.573944189074567,-0.589090640448228,285.98365073602,295.03,55.0806818181818,53.63264789455,55.6886363636364,5.20534502805001,5.06868085005752,5.26271885363746
"81","667433338e6cc9e53c828774","task1","1",13.518,"completed",-0.1,0.330773553027866,312.15,279.344446553993,-0.77,0.97,0.55,4.53,48.93,4.08235294117647,617.632730558268,0.44704217773654,0.0603718329329337,320.729893061912,276.305,64.2154178674352,66.3171207788545,55.4349423631124,5.95169791478868,6.14612324904009,5.13907121955607
"82","667433338e6cc9e53c828774","task1","2",11.673,"completed",-0.08,0.202862008745544,313.22,329.86950654551,-1.59,1.58,0.64,4.69,20.7,4.08235294117647,617.632730558268,0.488072585500876,-0.0211653293087672,316.367654881981,232.435,64.4775216138329,65.2485609941452,44.6886887608069,5.97594662800225,6.04727676709176,4.14381711839544
"83","667433338e6cc9e53c828774","task1","3",10.503,"completed",1.14,0.743711123361028,378.49,116.234106272394,1.06,0.55,0.58,2.39,7.52,4.08235294117647,617.632730558268,0.269568610024368,1.45834339949502,395.521371872983,374.21,80.4658501440922,84.6378000265233,79.4174351585014,7.45402390722287,7.83932097612691,7.35717150028283
"84","667433338e6cc9e53c828774","task1","4",12.553,"completed",-0.58,0.255049568601043,286.47,309.255420402588,-0.71,1.34,0,3.06,35.21,4.08235294117647,617.632730558268,0.533160921535985,-0.71,279.515,279.515,57.9249279538905,56.2212536023055,56.2212536023055,5.3695737027282,5.21186606189603,5.21186606189603
"85","667433338e6cc9e53c828774","task1","5",38.488,"completed",1.21,0.491129696476671,382.235,216.003769891715,1.03,0.76,0.58,2.69,36.06,4.08235294117647,617.632730558268,0.29853650314524,1.62756124100646,404.574526393846,372.605,81.3832132564842,86.8554315373974,79.0242795389049,7.53876102052447,8.04405686112251,7.32084912636993
"86","667433338e6cc9e53c828774","task1","6",12.814,"completed",-1.25,0.382248195509412,250.625,259.011962773782,-1.18,0.87,-0.2,3.64,8.82,4.08235294117647,617.632730558268,0.573242438763412,-1.44166897650839,240.370709756801,254.37,49.1444524495677,46.6325946090147,50.0618155619597,4.55656796294108,4.32390084603007,4.6415317477548
"87","667433338e6cc9e53c828774","task1","7",11.472,"completed",1.56,0.395162487401197,400.96,253.910817476527,1.78,1.05,-0.57,2.22,12.04,4.08235294117647,617.632730558268,0.69769111502472,1.04301787714975,373.301456427512,412.73,85.9700288184438,79.1948812574596,88.8531700288185,7.96232092303198,7.33661064776629,8.22844781713534
"88","667433338e6cc9e53c828774","task1","8",12.415,"completed",0.48,0.549415495174031,343.18,192.980879406258,0.31,0.58,0.28,4.42,19.03,4.08235294117647,617.632730558268,0.453411204408835,0.564819928079825,347.717866152271,334.085,71.8164265129683,72.9280075589136,69.5885446685879,6.65468525542586,6.75745025560425,6.44868681665996
"89","667433338e6cc9e53c828774","task1","9",9.735,"completed",1.95,0.409396909661503,421.825,248.288220683706,1.83,0.76,0.12,4.97,40.26,4.08235294117647,617.632730558268,0.48912778071395,1.9765567444139,423.245785826144,415.405,91.0810518731989,91.4290829833493,89.5084293948127,8.43403059480214,8.46614106593272,8.28891890766093
"90","667433338e6cc9e53c828774","task1","10",14.08,"completed",1.6,0.674914137372593,403.1,143.408915737826,1.66,0.58,-0.78,2.65,30.97,4.08235294117647,617.632730558268,0.849499039110537,1.06812518859079,374.644697589608,406.31,86.4942363112392,79.5239172769932,87.2805475504323,8.01071411483899,7.36700878375809,8.08329853126465
"91","66803a896850f7964079120f","task1","1",8.017,"completed",-0.84,0.635543851425824,272.56,158.960178686799,-0.97,0.59,0.49,2.99,3.92,5.44705882352941,517.438787133982,0.337693729506683,-0.581974168318812,286.364381994944,265.605,40.858747300216,43.3930290919443,39.5819114470842,4.52192329808437,4.80207890174316,4.38075305229665
"92","66803a896850f7964079120f","task1","2",5.008,"completed",0.84,0.570755222510498,362.44,184.551687108353,0.7,0.64,0.45,2.7,40.89,5.44705882352941,517.438787133982,0.35501846815685,1.09687449084656,376.182785260291,354.95,57.3593952483801,59.8823687842866,55.9843412526998,6.34488973604988,6.62336386450479,6.19308584643536
"93","66803a896850f7964079120f","task1","3",6.336,"completed",-1.18,0.278453614213152,254.37,300.010822385805,-1.45,1.12,0.16,4.98,18.38,5.44705882352941,517.438787133982,0.495184086330346,-1.16270471294501,255.295297857442,239.925,37.5193304535637,37.6892015505023,34.8674406047516,4.15268088837727,4.1714658404099,3.85939712987802
"94","66803a896850f7964079120f","task1","4",5.439,"completed",0.74,0.441707471694976,357.09,235.525548680484,0.45,0.8,0.58,3.19,16.32,5.44705882352941,517.438787133982,0.338312298346335,1.10986507024655,376.877781258191,341.575,56.3772138228942,60.0099598422164,53.5288876889849,6.23646062995519,6.63744472176023,5.9219536909433
"95","66803a896850f7964079120f","task1","5",5.021,"completed",-0.72,0.204171391005705,278.98,329.352300552747,-0.76,1.56,-0.03,4.28,18.81,5.44705882352941,517.438787133982,0.523166855757254,-0.833467689008848,272.909478638027,276.84,42.0373650107991,40.9229064454261,41.6444924406047,4.65222211619657,4.5290165389192,4.60879049754993
"96","66803a896850f7964079120f","task1","6",7.393,"completed",1.15,0.628870488198171,379.025,161.596157161722,1.13,0.53,0.04,3.4,24.6,5.44705882352941,517.438787133982,0.492577431894762,1.16180305791862,379.656463598646,377.955,60.4041576673866,60.5200851099026,60.2077213822894,6.68094684031375,6.69373976975811,6.65926914618994
"97","66803a896850f7964079120f","task1","7",6.656,"completed",-0.84,0.288051667480532,272.56,296.21959134519,-0.97,1.22,0.1,2.81,28.87,5.44705882352941,517.438787133982,0.487457465454047,-0.796447648479157,274.890050806365,265.605,40.858747300216,41.2865104072161,39.5819114470842,4.52192329808437,4.56921483439794,4.38075305229665
"98","66803a896850f7964079120f","task1","8",6.38,"completed",-1.69,0.353406908873524,227.085,270.404270994958,-1.91,0.92,0.25,3.98,13.71,5.44705882352941,517.438787133982,0.452760497963885,-1.55627951397716,234.239046002222,215.315,32.5102051835853,33.8235829593712,30.3494060475162,3.59865786653016,3.74393839231629,3.35961405948591
"99","66803a896850f7964079120f","task1","9",6.766,"completed",-0.01,0.231138888992503,316.965,318.700138847962,0.31,1.36,-0.21,4.68,39.83,5.44705882352941,517.438787133982,0.531033374217386,-0.144270816166834,309.781511335074,334.085,49.0108531317495,47.6920701155104,52.1538336933045,5.42289928978635,5.27718909620869,5.77009049558862
"100","66803a896850f7964079120f","task1","10",6.081,"completed",-0.45,0.219696426762089,293.425,323.219911428975,-0.49,1.46,-0.04,4.18,11.86,5.44705882352941,517.438787133982,0.528787857344292,-0.581034719323272,286.414642516205,291.285,44.6892548596112,43.4022561854804,44.2963822894168,4.94534994158639,4.80309882035767,4.90192759042898
"101","67104869a47a61b561900be7","task1","1",44.495,"completed",0.59,0.510442580674532,349.065,208.37518063356,0.86,0.65,-0.4,3.65,46.75,5.14117647058824,526.079584997385,0.56197943186899,0.468303064154354,342.554213932258,363.51,58.1705377574371,56.9041377213774,60.9802059496567,6.32896004873537,6.19144657660254,6.63398531911744
"102","67104869a47a61b561900be7","task1","2",17.626,"completed",-0.88,0.320580078789141,270.42,283.370868878289,-0.98,1.27,0.15,2.07,11.04,5.14117647058824,526.079584997385,0.457103877682465,-0.74560423468036,277.610173444601,265.07,42.8734553775744,44.2720016997507,41.8328375286041,4.66680306881144,4.81885915021901,4.5536518385789
"103","67104869a47a61b561900be7","task1","3",25.994,"completed",-1.46,0.65717839695897,239.39,150.414533201207,-1.48,0.52,0.12,3.14,16.99,5.14117647058824,526.079584997385,0.453143623836416,-1.38868654586065,243.205269796455,238.32,36.8378718535469,37.5799723860382,36.6297482837529,4.0104061265298,4.09112797593493,3.98776680496713
"104","67104869a47a61b561900be7","task1","4",10.959,"completed",-1.46,0.425151629659087,239.39,242.065106284661,-1.45,0.74,-0.02,4.56,39.1,5.14117647058824,526.079584997385,0.505748483702634,-1.47352102007828,238.666625425812,239.925,36.8378718535469,36.6971697052494,36.9419336384439,4.0104061265298,3.99510082464722,4.02172566997402
"105","67104869a47a61b561900be7","task1","5",8.607,"completed",0.22,0.446035159347875,329.27,233.816112057589,0.49,0.82,-0.41,2.69,15.81,5.14117647058824,526.079584997385,0.58398242156236,0.0299927355222073,319.104611350438,343.715,54.3202517162471,52.3430022077511,57.1299199084668,5.91081746053971,5.69602543557562,6.21596470826512
"106","67104869a47a61b561900be7","task1","6",22.79,"completed",-0.88,0.57612599874811,270.42,182.430230494497,-1.55,0.59,0.69,2.54,12.48,5.14117647058824,526.079584997385,0.587984822216361,-1.02681427126614,262.565436487261,234.575,42.8734553775744,41.3456798659433,35.9013157894737,4.66680306881144,4.50067784794515,3.90852673853105
"107","67104869a47a61b561900be7","task1","7",10.117,"completed",-0.95,0.346647861172111,266.675,273.074094837016,-1.01,1.1,0.13,2.25,48.83,5.14117647058824,526.079584997385,0.455805481374928,-0.822231091154372,273.510636623241,263.465,42.1450228832952,43.4746089541773,41.520652173913,4.58759815058433,4.73216516484775,4.51970472690742
"108","67104869a47a61b561900be7","task1","8",15.173,"completed",0.88,0.553451950140339,364.58,191.386479694566,1.62,0.58,-0.65,2.85,6.3,5.14117647058824,526.079584997385,0.357124449417901,1.12129235502617,377.4891409939,404.17,61.1883295194508,63.6992608340537,68.8889016018307,6.656576093341,6.92908382179783,7.49205595313772
"109","67104869a47a61b561900be7","task1","9",9.841,"completed",0.45,0.335404516309764,341.575,277.515216057643,1.41,1.07,-0.78,2.95,30.26,5.14117647058824,526.079584997385,0.557964412476915,0.275031133078151,332.214165619681,392.935,56.7136727688787,54.892915509549,66.7036041189931,6.17076317155316,5.97301922032362,7.25503749146379
"110","67104869a47a61b561900be7","task1","10",8.049,"completed",-0.22,0.517140325341274,305.73,205.729571490197,-0.44,0.79,0.4,2.04,20.91,5.14117647058824,526.079584997385,0.415366369753324,-0.0530049700611958,314.664234101726,293.96,49.741533180778,51.4793132692144,47.4521739130435,5.41336257253845,5.60218875502273,5.16455736337993
"111","671e36cc7fa293418ae65232","task1","1",10.65,"completed",0.84,0.367032485419113,362.44,265.02216825945,1.98,0.96,-0.84,2.2,13.65,4.95294117647059,493.372007605326,0.425638050530157,1.034300555793,372.835079734926,423.43,63.0817102137767,65.1804792813983,75.3956057007126,7.31578589043248,7.55849272531291,8.73878628084837
"112","671e36cc7fa293418ae65232","task1","2",6.424,"completed",-1.57,0.566336423337566,233.505,186.297112781661,-1.54,0.58,-0.16,3.69,18.89,4.95294117647059,493.372007605326,0.56300988648836,-1.68127283704462,227.551903218113,235.11,37.049703087886,35.8477714335857,37.3737529691211,4.30059843707823,4.16120713344324,4.33817722682484
"113","671e36cc7fa293418ae65232","task1","3",11.875,"completed",1.07,0.387053282045632,374.745,257.113953591975,0.21,0.89,0.84,3.62,34.4,4.95294117647059,493.372007605326,0.417831908657005,1.28454291913129,386.223046173524,328.735,65.5660926365796,67.8835128853908,56.2766627078385,7.6030786858006,7.87097786932522,6.52839230405485
"114","671e36cc7fa293418ae65232","task1","4",6.322,"completed",-0.82,0.345663236854479,273.63,273.463021442481,-0.7,0.9,-0.1,4.98,32.23,4.95294117647059,493.372007605326,0.508520352540063,-0.844649315999296,272.311261594038,280.05,45.1509501187648,44.8846965213615,46.4471496437055,5.23976963863405,5.20891356953081,5.38997496518576
"115","671e36cc7fa293418ae65232","task1","5",5.948,"completed",1.72,0.654285355889429,409.52,151.557284423676,1.83,0.56,-0.42,2.77,11.22,4.95294117647059,493.372007605326,0.637956565310987,1.50719471491907,398.13491724817,415.405,72.5871733966746,70.288522484785,73.7753562945368,8.41446407399322,8.14891145514223,8.5516940995666
"116","671e36cc7fa293418ae65232","task1","6",9.174,"completed",-1.3,0.429592467915767,247.95,240.310975173272,-1.64,0.89,0.45,2.32,44.12,4.95294117647059,493.372007605326,0.423069361999991,-1.11821309308278,257.675599520071,229.76,39.9661520190024,41.9297528722234,36.2935866983373,4.63877326300586,4.86641607778512,4.21291100926911
"117","671e36cc7fa293418ae65232","task1","7",7.483,"completed",0.76,0.620279542688693,358.16,164.989580637966,0.58,0.56,0.52,3.26,22.89,4.95294117647059,493.372007605326,0.351769469865266,1.00076044484375,371.04068379914,348.53,62.2175771971496,64.8181903157409,60.2732779097387,7.21583618585615,7.5166015235997,6.99090937900178
"118","671e36cc7fa293418ae65232","task1","8",9.319,"completed",-1.88,0.423644379795161,216.92,242.660469980912,-1.52,0.78,-0.46,3.82,30.53,4.95294117647059,493.372007605326,0.577274456871453,-2.06290345234713,207.134665299428,236.18,33.7011876484561,31.7255262481031,37.5897862232779,3.91223155282747,3.68304801335769,4.36322923520818
"119","671e36cc7fa293418ae65232","task1","9",7.525,"completed",-0.18,0.245996542360073,307.87,312.831365767771,1.09,1.32,-0.62,4.2,26.89,4.95294117647059,493.372007605326,0.494221725723187,-0.156522589770986,309.126041447252,375.815,52.0640142517815,52.3176093183288,65.7821258907363,6.04064397647558,6.07001206343928,7.62805619713451
"120","671e36cc7fa293418ae65232","task1","10",5.792,"completed",0.28,0.395430558976539,332.48,253.804929204267,-0.75,0.85,0.77,3.14,28.62,4.95294117647059,493.372007605326,0.548334489752752,0.159438187142183,326.029943012107,277.375,57.0327790973872,55.7305110594515,45.9070665083135,6.6159123279578,6.46517082558558,5.32739163532478
"121","67e2ab30a61684eccd40a3e3","task1","1",23.657,"completed",-1.34,0.472441596954642,245.81,223.385569202916,-1.25,0.73,-0.12,2.97,46.72,5.14117647058824,675.153471505884,0.517469354551567,-1.37698677719512,243.831207420061,250.625,38.0866132723112,37.7017222670599,39.0231693363844,3.23130053336808,3.19866310053437,3.31071506398284
"122","67e2ab30a61684eccd40a3e3","task1","2",33.643,"completed",1.03,0.578291306576111,372.605,181.574933902436,1.16,0.61,-0.19,2.79,31.1,5.14117647058824,675.153471505884,0.519693787696934,0.995911249898402,370.781251869565,379.56,62.7492562929062,62.3945226748581,64.1020594965675,5.32128333137738,5.29124395510699,5.43583398858144
"123","67e2ab30a61684eccd40a3e3","task1","3",119.592,"completed",-1.65,0.492658897737368,229.225,215.39973539374,-1.56,0.82,-0.09,2.05,13.61,5.14117647058824,675.153471505884,0.50051574639097,-1.65104692387149,229.168989572875,234.04,34.8606979405034,34.8498034638316,35.7972540045767,2.95773830417291,2.95681437809456,3.03716320864522
"124","67e2ab30a61684eccd40a3e3","task1","4",30.282,"completed",0.2,0.211892586949312,328.2,326.302428155022,1.72,1.56,-0.66,3.9,20.04,5.14117647058824,675.153471505884,0.503077724499312,0.185469951343967,327.422642396902,409.52,54.1121281464531,53.9609258666743,69.9295194508009,4.5896801648942,4.57686915025913,5.92915583244574
"125","67e2ab30a61684eccd40a3e3","task1","5",21.094,"completed",0.36,0.206138894089055,336.76,328.575136834823,-0.22,1.54,0.25,4.52,14.51,5.14117647058824,675.153471505884,0.494598943587425,0.386202160415845,338.161815582248,305.73,55.7771167048055,56.0497810629086,49.741533180778,4.73074307962643,4.75384268103392,4.21932488683813
"126","67e2ab30a61684eccd40a3e3","task1","6",18.161,"completed",-0.16,0.539421074091922,308.94,196.928675733691,-0.27,0.64,0.29,3.4,4.98,5.14117647058824,675.153471505884,0.414347191516631,-0.00095412381033938,317.448954376147,303.055,50.3659038901602,52.0209636658409,49.2212242562929,4.27223836391062,4.4124906570523,4.17522894653417
"127","67e2ab30a61684eccd40a3e3","task1","7",80.142,"completed",-0.7,0.21648678663971,280.05,324.487719277315,-1.33,1.51,0.36,4.08,8.37,5.14117647058824,675.153471505884,0.456500173700102,-0.498876895597981,290.810086085508,246.345,44.7465675057208,46.8394904285313,38.1906750572082,3.79595415300425,3.97336251357909,3.24012452481861
"128","67e2ab30a61684eccd40a3e3","task1","8",21.049,"completed",0.65,0.556801899718518,352.275,190.063249611185,0.48,0.7,0.07,2.04,37.39,5.14117647058824,675.153471505884,0.561224929075346,0.541402257656574,346.465020784627,343.18,58.7949084668192,57.6648209764148,57.0258581235698,4.98638275769262,4.89065777584488,4.83653087542055
"129","67e2ab30a61684eccd40a3e3","task1","9",24.803,"completed",-0.34,0.223329473413456,299.31,321.784858001685,-0.66,1.48,0.13,3.55,22.42,5.14117647058824,675.153471505884,0.506491139611641,-0.369063307648883,297.755113040785,282.19,48.4927917620137,48.1903537951183,45.1628146453089,4.11349255468571,4.08785951149934,3.83123916694174
"130","67e2ab30a61684eccd40a3e3","task1","10",12.079,"completed",1.49,0.466629962643907,397.215,225.681164755657,1.7,0.78,-0.42,2.69,37.25,5.14117647058824,675.153471505884,0.611747100231033,1.24812581348703,384.274731021556,408.45,67.5360983981693,65.0191124412638,69.7213958810069,5.72656707951217,5.51348066497479,5.91154087346277
"131","67e2f5ebbe69a58c40a5d550","task1","1",8.243,"completed",-0.66,0.493741421717946,282.19,214.972138421411,-0.4,0.65,0.07,3.96,35.28,4.70588235294118,560.579927391335,0.336187686083751,-0.329415276359344,299.876282714775,296.1,49.340375,53.0987100768897,52.29625,5.03973150239265,5.42306319546272,5.34122612020361
"132","67e2f5ebbe69a58c40a5d550","task1","2",13.145,"completed",1.98,0.394988450843329,423.43,253.979561916885,1.99,0.89,-0.83,3.61,24.99,4.70588235294118,560.579927391335,0.911050115485237,0.929807544373584,367.244703623987,423.965,79.353875,67.4144995200972,79.4675625,8.09710157102527,6.8820182707003,8.10866334571916
"133","67e2f5ebbe69a58c40a5d550","task1","3",10.613,"completed",-1.02,0.203330511689701,262.93,329.684447882568,-0.28,1.63,0.06,3.17,48.07,4.70588235294118,560.579927391335,0.317158640241425,-0.135461874204641,310.252789730052,302.52,45.247625,55.303717817636,53.6605,4.62216300608188,5.64790716856607,5.48035278032929
"134","67e2f5ebbe69a58c40a5d550","task1","4",6.046,"completed",0,0.474309028040115,317.5,222.647933924155,-0.07,0.68,-0.82,4.93,43.63,4.70588235294118,560.579927391335,0.943339326167761,-0.932029191112746,267.636438275468,313.755,56.84375,46.247743133537,56.0479375,5.80491807790739,4.72421321121013,5.72378528832056
"135","67e2f5ebbe69a58c40a5d550","task1","5",10.912,"completed",-1.02,0.370326360722139,262.93,263.721087514755,-1.26,0.87,-0.5,4.29,17.29,4.70588235294118,560.579927391335,0.839492375931664,-1.93016407572989,214.236221948451,250.09,45.247625,34.9001971640458,42.519125,4.62216300608188,3.56592949919768,4.3437150750074
"136","67e2f5ebbe69a58c40a5d550","task1","6",10.179,"completed",1.71,0.43080747266259,408.985,239.831048298277,1.92,0.76,0.44,3.88,16.96,4.70588235294118,560.579927391335,0.188873180359948,2.42677994345039,447.332726974596,420.22,76.2843125,84.4332044821016,78.67175,7.78487199413965,8.61349391041337,8.02772746319074
"137","67e2f5ebbe69a58c40a5d550","task1","7",7.765,"completed",1.64,0.470673158994755,405.24,224.084102197072,1.5,0.72,-0.45,3.42,20.64,4.70588235294118,560.579927391335,0.791175702919356,1.02316546592511,372.239352426993,397.75,75.4885,68.475862390736,73.896875,7.70390449610424,6.99010113581076,7.54194646584254
"138","67e2f5ebbe69a58c40a5d550","task1","8",13.016,"completed",-2.29,0.23363918393146,194.985,317.712522347073,-1.77,1.43,0.34,3.26,9.98,4.70588235294118,560.579927391335,0.205504405063928,-1.0637792882131,260.587808080599,222.805,30.8093125,44.7499092171274,36.7210625,3.14816737826504,4.5713742639563,3.75184687372051
"139","67e2f5ebbe69a58c40a5d550","task1","9",7.762,"completed",-0.19,0.320031382147693,307.335,283.587604051661,-0.24,1.22,0.06,2.15,26.66,4.70588235294118,560.579927391335,0.486006235232778,-0.146250137791032,309.67561762818,304.66,54.6836875,55.1810687459882,54.11525,5.58468718797399,5.63540180681711,5.52672476110638
"140","67e2f5ebbe69a58c40a5d550","task1","10",7.562,"completed",2.2,0.240926193431929,435.2,314.834153594388,1.9,1.32,-0.58,4.78,44.57,4.70588235294118,560.579927391335,0.862526168881035,0.700140767308281,354.957531050993,419.15,81.855,64.803475348336,78.444375,8.35142205819677,6.61607535180513,8.00460144817553
"141","67ebfd4d8ea1101322300f73","task1","1",10.202,"completed",1.44,0.256999026187878,394.54,308.485384655788,1.84,1.3,-0.19,3.37,35.9,8.3764705882353,409.080798581258,0.492048011554671,1.47093442425102,396.194991697429,415.94,41.1318820224719,41.3294582784852,43.6866573033708,5.75607754500753,5.78367993943395,6.11293976703907
"142","67ebfd4d8ea1101322300f73","task1","2",8.742,"completed",1.17,0.641254593332381,380.095,156.70443563371,0.91,0.62,0.71,2.39,45.84,8.3764705882353,409.080798581258,0.31360642991072,1.47091185675502,396.193784336394,366.185,39.4074087078652,41.3293141412829,37.7468047752809,5.51513193514545,5.78365980298794,5.2830640767725
"143","67ebfd4d8ea1101322300f73","task1","3",5.064,"completed",-0.59,0.679852617563243,285.935,141.458216062519,-0.8,0.56,0.58,2.58,16.66,8.3764705882353,409.080798581258,0.353752176844897,-0.37036675239481,297.685378746878,274.7,28.1663974719101,29.5691814515233,26.8251404494382,3.94342292186725,4.13965223972749,3.75577868625935
"144","67ebfd4d8ea1101322300f73","task1","4",9.012,"completed",-0.74,0.41477876878878,277.91,246.162386328432,-0.15,0.88,-0.49,2.36,46.59,8.3764705882353,409.080798581258,0.488956415394617,-0.713463423832836,279.329706824943,309.475,27.208356741573,27.3778442136519,30.9766502808989,3.80939342510151,3.83310542105393,4.33651249192964
"145","67ebfd4d8ea1101322300f73","task1","5",11.859,"completed",-0.65,0.356774525428984,282.725,269.074062455551,-1.31,0.92,0.52,3.95,25.45,8.3764705882353,409.080798581258,0.47678331074786,-0.584828781807648,286.211660173291,247.415,27.7831811797753,28.199425722935,23.5678019662921,3.88981239783867,3.94804336999007,3.29998935255325
"146","67ebfd4d8ea1101322300f73","task1","6",8.541,"completed",-1.65,0.35331961874236,229.225,270.438750596768,-1.25,0.97,-0.27,3.04,45.79,8.3764705882353,409.080798581258,0.492855370711734,-1.62979004842494,230.306232409266,250.625,21.3962429775281,21.5253226893084,23.951018258427,2.99607087049567,3.01413732013243,3.35361732757379
"147","67ebfd4d8ea1101322300f73","task1","7",8.787,"completed",0.87,0.33806693355808,364.045,276.463561244558,1.03,0.96,-0.15,3.91,17.68,8.3764705882353,409.080798581258,0.520906360345511,0.808154502754296,360.736265897355,372.605,37.491327247191,37.0963238781954,38.5132373595506,5.24735743220571,5.19214804782121,5.39017782327991
"148","67ebfd4d8ea1101322300f73","task1","8",6.551,"completed",0.92,0.339086118797987,366.72,276.060983074795,1.5,1.02,-0.53,4.1,2.42,8.3764705882353,409.080798581258,0.567798361220344,0.719376513424495,355.98664346821,397.75,37.8106741573034,36.5293043466263,41.5150983146067,5.29199057777602,5.11289185721717,5.80961417203814
"149","67ebfd4d8ea1101322300f73","task1","9",6.971,"completed",-0.05,0.582079171691076,314.825,180.078727182025,-0.2,0.55,0.33,4.29,49.14,8.3764705882353,409.080798581258,0.422319772414081,0.0835267054552996,321.968678741859,306.8,31.6153441011236,32.4681709172163,30.6573033707865,4.42583712493532,4.54510095639581,4.29184819137303
"150","67ebfd4d8ea1101322300f73","task1","10",8.388,"completed",-0.51,0.288225299214674,290.215,296.151006810204,0.02,1.09,-0.34,4.92,17.14,8.3764705882353,409.080798581258,0.517180801132707,-0.569617934411365,287.025440508992,318.57,28.6773525280899,28.2965764652589,32.0624297752809,4.0149009303131,3.96163408371099,4.48836117285116
"151","67ee2686d7cfcbbd9d87dd04","task1","1",11.333,"completed",-0.6,0.586984110881775,285.4,178.141276201699,-0.44,0.63,-0.51,2.68,31.71,4.48235294117647,587.915845939359,0.660889619915264,-0.878129678572602,270.520062196366,293.96,52.5170603674541,49.1973892039136,54.4267716535433,5.11469028101276,4.79177354739731,5.3004184902339
"152","67ee2686d7cfcbbd9d87dd04","task1","2",6.066,"completed",-0.09,0.282933374644084,312.685,298.241317015587,0,1.11,-0.08,4.68,20.96,4.48235294117647,587.915845939359,0.514535987466871,-0.141376066842966,309.936380423901,317.5,58.6042650918635,57.991056000083,59.6784776902887,5.70660046977979,5.64698626123417,5.81102448100443
"153","67ee2686d7cfcbbd9d87dd04","task1","3",20.577,"completed",-1.72,0.629236258923776,225.48,161.451677725109,-1.53,0.63,-0.73,2.51,24.97,4.48235294117647,587.915845939359,0.744984503117453,-2.12226465360315,203.958841032231,235.645,39.1490813648294,34.3477729336999,41.4168635170604,3.81389420044401,3.34643632827663,4.0346434513221
"154","67ee2686d7cfcbbd9d87dd04","task1","4",49.995,"completed",-1.65,0.314393843351599,229.225,285.814431876119,-1.4,1.02,-0.28,4.35,11.05,4.48235294117647,587.915845939359,0.561396624165653,-1.84534597753934,218.773990201646,242.6,39.9845800524934,37.6529899399997,42.9685039370079,3.89522625344558,3.66824685392092,4.18566525285554
"155","67ee2686d7cfcbbd9d87dd04","task1","5",40.081,"completed",0.66,0.648870025307724,352.81,153.696340003449,0.92,0.53,-0.75,3.71,28.08,4.48235294117647,587.915845939359,0.706085450188782,0.339200160229133,335.647208572259,366.72,67.5560367454068,63.727067529244,70.6593175853018,6.57649435429024,6.20449893780334,6.87788564123001
"156","67ee2686d7cfcbbd9d87dd04","task1","6",16.482,"completed",1.26,0.478192000097194,384.91,221.114159961608,1.71,0.71,-0.81,3.97,37.05,4.48235294117647,587.915845939359,0.689415294700752,0.86011731343103,363.51627626856,408.985,74.7174540682415,69.9445760704137,80.0885170603675,7.27186836404885,6.80847808709278,7.79304997465166
"157","67ee2686d7cfcbbd9d87dd04","task1","7",66.044,"completed",1.55,0.28057321978035,400.425,299.173578186762,1.95,1.33,-0.46,2.54,38.2,4.48235294117647,587.915845939359,0.617239609280585,1.12614749322493,377.748890887534,421.825,78.1788057742782,73.1198313003684,82.9530839895013,7.60777682939392,7.1167837583491,8.07088289936871
"158","67ee2686d7cfcbbd9d87dd04","task1","8",46.364,"completed",1.42,0.439767129481571,393.47,236.291983854779,1.42,0.72,0.05,4.4,28.29,4.48235294117647,587.915845939359,NA,1.4768482797125,396.511382964619,393.47,76.6271653543307,77.3056891128414,76.6271653543307,7.45721301820601,7.5230569417642,7.45721301820601
"159","67ee2686d7cfcbbd9d87dd04","task1","9",9.617,"completed",0.7,0.196770630115908,354.95,332.275601104216,1.06,1.68,-0.3,3.67,22.94,4.48235294117647,587.915845939359,0.579151070847028,0.297318537886109,333.406541776907,374.21,68.0334645669291,63.2271812363178,72.3303149606299,6.62286827851938,6.15592371110927,7.04013407090883
"160","67ee2686d7cfcbbd9d87dd04","task1","10",16.043,"completed",0.24,0.365434486028323,330.34,265.653378018812,0.67,0.88,-0.48,4.71,6.55,4.48235294117647,587.915845939359,0.582799675481,0.0131551560628909,318.203800849365,353.345,62.5430446194226,59.835493627811,67.6753937007874,6.08944082436037,5.82628716675885,6.58808803811378
