participantId,task,id,rsp_time,status,data.select.x,data.select.y,pixel.select.x,pixel.select.y,param.mu,param.sigma,param.lambda,param.p,param.q,data.select.slope,data.ans.slope,pixelToMM,dist_to_screen,phy.select.x,phy.select.y,va.select.x,va.select.y,data.ans.x,data.ans.y,pixel.ans.x,pixel.ans.y,phy.ans.x,phy.ans.y,va.ans.x,va.ans.y
67f03733938aa3f0d17ce8a8,task4,1,6.34,completed,1.01,0.6345468701606621,371.535,159.35398628653846,-0.05,0.94,0.5,3.79,3.59,0.34388337392189255,0.36788530765626126,4.6,668.2589631145061,69.89891304347827,54.48826385075251,5.98759983903526,4.669177350188353,-0.05,0.25,314.825,311.25,57.57065217391305,21.467391304347828,4.932994132113234,1.840431968064979
67f03733938aa3f0d17ce8a8,task4,2,5.652,completed,-0.36,0.7040486620134935,298.24,131.9007785046701,-1.23,1.12,0.11,3.23,19.54,0.28331462806300767,0.30231547364993294,4.6,668.2589631145061,53.96521739130436,60.45635249898477,4.624405631964645,5.1799293367044825,-1.23,0.445,251.695,234.225,43.846739130434784,38.21195652173913,3.758022756955383,3.2753583491517184
67f03733938aa3f0d17ce8a8,task4,3,4.847,completed,1.72,0.5161563664292244,409.5199999999999,206.1182352604564,1.38,0.76,0.31,2.3,21.45,0.4906934500706218,0.5089887294052569,4.6,668.2589631145061,78.15652173913043,44.322122769466006,6.693430390134521,3.7987373238521567,1.38,0.345,391.33,273.725,74.20217391304348,29.624999999999996,6.355487168166502,2.5395986513298925
67f03733938aa3f0d17ce8a8,task4,4,5.566,completed,-0.55,0.6358857887755134,288.075,158.8251134336722,-0.61,0.62,-0.21,4.44,9.3,0.5147595173864004,0.514763963574251,4.6,668.2589631145061,51.755434782608695,54.603236210071266,4.435237283380307,4.679018560690971,-0.61,0.605,284.865,171.025,51.05760869565218,51.95108695652174,4.375494836166321,4.451987070653794
67f03733938aa3f0d17ce8a8,task4,5,4.291,completed,0.41,0.582028809966637,339.435,180.0986200631784,0.67,1.25,-0.33,2.12,43.26,0.3170447668254796,0.3201016908809303,4.6,668.2589631145061,62.92065217391305,49.978560855830786,5.390766423087107,4.283110471187013,0.67,0.665,353.345,147.325,65.94456521739131,57.103260869565226,5.649432076944316,4.892994139690675
67f03733938aa3f0d17ce8a8,task4,6,4.812,completed,0.51,0.5511242478831574,344.785,192.30592208615283,-0.82,1.09,0.78,3.25,7.97,0.3113852881273883,0.3380791652411902,4.6,668.2589631145061,64.08369565217393,47.32479954648852,5.490259863490152,4.05588110513175,-0.82,0.11000000000000001,273.63,366.55,48.61521739130435,9.445652173913041,4.166377741992118,0.8098462182793834
67f03733938aa3f0d17ce8a8,task4,7,3.932,completed,0.76,0.6115017859701846,358.16,168.4567945417771,-1.18,1.37,0.68,4.89,42.75,0.22648268489940926,0.23402277432260146,4.6,668.2589631145061,66.9913043478261,52.509392490918025,5.738956899382217,4.4997825718656905,-1.18,0.15999999999999995,254.37,346.8,44.42826086956522,13.739130434782608,3.807827465603621,1.177936256148423
67f03733938aa3f0d17ce8a8,task4,8,5.693,completed,2.55,0.6395847130680445,453.925,157.3640383381224,1.61,0.83,0.44,4.58,24.51,0.3735817886451484,0.3845083484130396,4.6,668.2589631145061,87.80978260869566,54.92086123084296,7.51790829530237,4.706205733263054,1.61,0.28,403.635,299.4,76.87717391304348,24.043478260869573,6.584108288323035,2.0612387196120534
67f03733938aa3f0d17ce8a8,task4,9,3.91,completed,1.44,0.6580558535932403,394.54,150.0679378306701,1.51,1.09,-0.36,3.26,28.4,0.3134854399214845,0.31348853154588746,4.6,668.2589631145061,74.9,56.506970036810856,6.415132417310154,4.841961017042805,1.51,0.6799999999999999,398.28499999999997,141.40000000000003,75.7141304347826,58.391304347826086,6.484714141424032,5.003223760934121
67f03733938aa3f0d17ce8a8,task4,10,4.011,completed,1.07,0.6700812939681653,374.745,145.3178888825747,1.47,1.47,-0.52,3.96,23.65,0.22477017225223295,0.22480348072826795,4.6,668.2589631145061,70.59673913043478,57.53958937335332,6.047265836888168,4.930335772008731,1.47,0.76,396.145,109.80000000000001,75.24891304347827,65.26086956521739,6.4449537390884375,5.5909536672312266
5c8f2ac8d7ecab0018d529aa,task4,1,5.71,completed,0.09,0.9682090381640874,322.315,27.557429925185467,-0.65,0.95,-0.48,3.73,19.27,0.17518022555176185,0.3519271315748329,3.835294117647059,663.9351545597088,71.00237730061349,99.71662103177678,6.121480462324229,8.589149063791226,-0.65,0.74,282.725,117.69999999999999,60.679831288343564,76.21319018404908,5.2328622679333625,6.569781183547329
5c8f2ac8d7ecab0018d529aa,task4,2,4.234,completed,1.59,0.957026785460712,402.56500000000005,31.97441974301877,0.53,1.16,-0.37,3.63,3.72,0.14150975392572443,0.2973945265817548,3.835294117647059,663.9351545597088,91.92645705521474,98.5649519074951,7.92036378099463,8.49031412838197,0.53,0.685,345.855,139.42499999999995,77.14010736196319,70.54869631901842,6.6495057539623605,6.082439950542456
5c8f2ac8d7ecab0018d529aa,task4,3,10.377,completed,1.92,0.9713572535273204,420.22,26.313884856708448,1.48,0.72,-0.57,2.55,18.86,0.20894712505290777,0.5345118104573704,3.835294117647059,663.9351545597088,96.529754601227,100.04085824288276,8.31562495288866,8.616972429654949,1.48,0.7849999999999999,396.68,99.92500000000001,90.3920245398773,80.84777607361963,7.788567630273071,6.9683388327620985
5c8f2ac8d7ecab0018d529aa,task4,4,36.361,completed,-2.44,0.06503431381526587,186.96,384.31144604297,-0.17,1.54,0.02,3.09,41.41,0.10256002665198274,0.22122690226382255,3.835294117647059,663.9351545597088,35.71042944785276,6.697935847691877,3.0809693274335626,0.5780085573431991,-0.17,0.49,308.405,216.45000000000002,67.37553680981594,50.465490797546,5.8093417274159735,4.352938248667977
5c8f2ac8d7ecab0018d529aa,task4,5,5.934,completed,-2.38,0.05182854814642185,190.17,389.52772348216337,-0.77,1.36,0.21,4.6,37.58,0.13875046595981283,0.23176809605965734,3.835294117647059,663.9351545597088,36.547392638036804,5.337863509251883,3.153143519194709,0.46064047254869106,-0.77,0.395,276.305,253.975,59.00590490797546,40.68136503067485,5.088699836065473,3.5095922624509552
5c8f2ac8d7ecab0018d529aa,task4,6,5.984,completed,2.61,0.9662765486798768,457.13499999999993,28.320763271448715,0.57,0.85,0.36,4.85,10.89,0.12140370196956508,0.3718869691440152,3.835294117647059,663.9351545597088,106.15483128834353,99.51759239854864,9.141429068534116,8.572069563621774,0.57,0.32000000000000006,347.995,283.59999999999997,77.6980828220859,32.95705521472394,6.6974943763156976,2.843519527531722
5c8f2ac8d7ecab0018d529aa,task4,7,5.935,completed,1.15,0.8817321176254821,379.025,61.71581353793457,-1.52,1.16,0.63,3.75,24.44,0.16257834714458286,0.2918979810328343,3.835294117647059,663.9351545597088,85.78872699386503,90.8102940161827,7.393056710359698,7.824495876444286,-1.52,0.185,236.18,336.925,48.543865030674844,19.053297546012267,4.187337421187209,1.6441343954724963
5c8f2ac8d7ecab0018d529aa,task4,8,7.924,completed,0.05,0.9252815937237509,320.175,44.513770479118456,-1.61,0.93,0.18,4.39,35.47,0.19469729062285912,0.3411684391549259,3.835294117647059,663.9351545597088,70.4444018404908,95.29548929225439,6.073464920118355,8.209664078181639,-1.61,0.41000000000000003,231.365,248.04999999999998,47.288420245398775,42.22622699386503,4.079136884406529,3.6427797881830566
5c8f2ac8d7ecab0018d529aa,task4,9,5.728,completed,-2.03,0.01898448499940325,208.89500000000004,402.5011284252357,-0.97,0.63,0.08,4.61,18.99,0.1411028245206076,0.4998001904902142,3.835294117647059,663.9351545597088,41.429677914110435,1.955227251088846,3.574107933137239,0.1687306173577286,-0.97,0.45999999999999996,265.605,228.3,56.216027607361966,47.37576687116564,4.848393517792089,4.086665093051792
5c8f2ac8d7ecab0018d529aa,task4,10,3.396,completed,0.32,0.06269538894578819,334.62,385.2353213664136,1.68,0.72,-0.19,3.04,8.43,0.1791950598753825,0.48590361053583925,3.835294117647059,663.9351545597088,74.21073619631902,6.457048109984187,6.397527564322196,0.5572211175816029,1.68,0.595,407.38,174.97500000000002,93.1819018404908,61.27952453987729,8.028181402411512,5.284505236270944
6740e1e09ca406ab781318cb,task4,1,14.015,completed,1.62,0.8159980882884599,404.17,87.68075512605836,1.32,0.87,-0.41,4.24,36.56,0.3667510701994743,0.3707607448581746,5.129411764705883,704.4467701767021,69.04690366972477,62.837467463956514,5.611401282096227,5.107465050963149,1.32,0.7049999999999998,388.12,131.52500000000003,65.91788990825688,54.28985091743118,5.357487341916204,4.4134507450824465
6740e1e09ca406ab781318cb,task4,2,5.933,completed,0.96,0.8345474180661054,368.86,80.35376986388836,1.16,1.31,-0.77,4.4,32.98,0.25226244212770643,0.25226301592903627,5.129411764705883,704.4467701767021,62.16307339449541,64.26589348983828,5.052721323173762,5.223409353372653,1.16,0.885,379.56,60.42500000000001,64.24908256880734,68.15108944954127,5.222044884897448,5.538713064705176
6740e1e09ca406ab781318cb,task4,3,4.523,completed,1.95,0.7855433548751521,421.8250000000001,99.71037482431493,1.97,0.94,-0.59,2.39,3.27,0.47282451197170644,0.47283549655106705,5.129411764705883,704.4467701767021,72.48881880733947,60.49224344021382,5.890642840999383,4.917082334520706,1.97,0.7949999999999999,422.895,95.97500000000002,72.69741972477063,61.22047018348623,5.907564355052439,4.976201940449291
6740e1e09ca406ab781318cb,task4,4,15.225,completed,1.29,0.7890383865197835,386.515,98.3298373246855,0.55,1.43,-0.24,3.9,7.42,0.22266809807320825,0.22992268694582305,5.129411764705883,704.4467701767021,65.60498853211008,60.76138492523332,5.332093010820171,4.938932344974159,0.55,0.62,346.925,165.1,57.88675458715596,47.74426605504587,4.705539795062451,3.881767406855069
6740e1e09ca406ab781318cb,task4,5,8.426,completed,2.29,0.727570718797213,440.015,122.60956607510086,1.86,1.34,-0.23,2.82,35.15,0.2573166691663878,0.26339047649989705,5.129411764705883,704.4467701767021,76.03503440366971,56.02795156792758,6.178273012835324,4.554601809318284,1.86,0.615,417.01,167.07500000000002,71.55011467889908,47.35923165137614,5.8144928563298235,3.8504864849695797
6740e1e09ca406ab781318cb,task4,6,22.984,completed,-0.91,0.6917770443284308,268.815,136.74806749026985,-1.73,0.71,0.39,3.22,22.76,0.4303880891643964,0.48496146530539447,5.129411764705883,704.4467701767021,42.658887614678896,53.27159234708042,3.468576780974289,4.330751766691956,-1.73,0.30499999999999994,224.945,289.52500000000003,34.106249999999996,23.487098623853203,2.7734708641137074,1.9101329442866002
6740e1e09ca406ab781318cb,task4,7,4.748,completed,0.39,0.4643874082304109,338.36499999999995,226.5669737489877,-0.13,0.86,0.56,2.2,21.65,0.44958603767088434,0.4794298158137949,5.129411764705883,704.4467701767021,56.217947247706405,35.761025759945056,4.5700305180085685,2.907978404195129,-0.13,0.21999999999999997,310.545,323.1,50.794323394495414,16.941513761467885,4.129538995065174,1.377862029867222
6740e1e09ca406ab781318cb,task4,8,5.374,completed,0.5,0.8602529720280641,344.25,70.2000760489147,0.42,0.73,-0.65,4.73,44.44,0.4405381337493898,0.44068837200905836,5.129411764705883,704.4467701767021,57.365252293577974,66.24539801798682,4.66319454264567,5.384066556680202,0.42,0.825,339.97,84.125,56.53084862385321,63.53067660550458,4.595439493029035,5.163733654827382
6740e1e09ca406ab781318cb,task4,9,11.358,completed,1.33,0.5789628026183693,388.655,181.30969296574412,-0.07,1,0.83,3.29,49.08,0.3265499649646491,0.3610526424833967,5.129411764705883,704.4467701767021,66.02219036697247,44.58411949062327,5.365952002052073,3.6250144384372534,-0.07,0.08499999999999998,313.755,376.425,51.42012614678899,6.545584862385319,4.180371418914232,0.5323776112981043
6740e1e09ca406ab781318cb,task4,10,5.935,completed,2.18,0.8926653621126035,434.13,57.39718196552162,1.62,0.97,-0.41,3.46,46.28,0.29430314433661664,0.3474855612808785,5.129411764705883,704.4467701767021,74.88772935779816,68.74137507552904,6.085224544168365,5.586610565346659,1.62,0.705,404.17,131.52500000000003,69.04690366972477,54.28985091743118,5.611401282096227,4.4134507450824465
67e557aa25a43e8dde6c806c,task4,1,17.751,completed,1.89,0.977920760276128,418.615,23.72129969092946,0.31,0.5,0.7,4.71,35.75,0.13563263704413242,0.6470513378597653,4.647058823529412,547.9566085733293,79.32221518987342,83.12326462347087,8.279700166928292,8.674976254657828,0.31,0.15000000000000002,334.085,350.75,61.132215189873406,12.749999999999998,6.385527038624874,1.3331132805332326
67e557aa25a43e8dde6c806c,task4,2,17.494,completed,1.17,0.9975253833422036,380.095,15.977473579829605,0.79,0.78,-0.75,3.8,18.16,0.05865192604460084,0.4400276032364833,4.647058823529412,547.9566085733293,71.03310126582278,84.7896575840873,7.417032186213363,8.84820199592985,0.79,0.875,359.765,64.375,66.6582911392405,74.375,6.96138931564361,7.764938431052916
67e557aa25a43e8dde6c806c,task4,3,15.679,completed,3.81,0.9916154008897906,521.335,18.31191664853271,1.73,1.79,-0.39,4.51,16.17,0.03631868519505829,0.17856728863802251,4.647058823529412,547.9566085733293,101.42651898734177,84.2873090756322,10.575297287225277,8.795985834322137,1.73,0.6950000000000001,410.055,135.47499999999997,77.48018987341771,59.075,8.08807394183386,6.171064347984756
67e557aa25a43e8dde6c806c,task4,4,21.185,completed,0.69,0.9912411717483712,354.415,18.45973715939332,-1.45,0.77,0.33,4,33.73,0.04422498210086213,0.4216789201358486,4.647058823529412,547.9566085733293,65.5070253164557,84.25549959861155,6.8414460663846945,8.792679303541442,-1.45,0.33499999999999996,239.925,277.675,40.869936708860756,28.474999999999994,4.271488240059523,2.976750891475229
67e557aa25a43e8dde6c806c,task4,5,7.747,completed,1.87,0.9900173109828204,417.545,18.94316216178593,0.08,1.23,-0.25,4.14,40.86,0.04956676094754197,0.2610973976273878,4.647058823529412,547.9566085733293,79.09196202531645,84.15147143353973,8.255749403393757,8.781865683835063,0.08,0.625,321.78,163.125,58.48430379746834,53.12499999999999,6.109476777821764,5.550544290286047
67e557aa25a43e8dde6c806c,task4,6,6.861,completed,3.16,0.988825545309386,486.56,19.413909602792515,0.22,1.12,0.26,3.93,6.77,0.03293475712358503,0.2938223800328151,4.647058823529412,547.9566085733293,93.9432911392405,84.0501713512978,9.79900207541743,8.77133549489911,0.22,0.37,329.27,263.85,60.096075949367076,31.449999999999992,6.277516029226105,3.287592150539729
67e557aa25a43e8dde6c806c,task4,7,7.246,completed,3.54,0.9737997214495424,506.88999999999993,25.349110027430704,1.27,1.09,0.13,3.65,33.73,0.07650023755544019,0.3009611762030285,4.647058823529412,547.9566085733293,98.31810126582276,82.77297632321111,10.25295027126139,8.6385578244855,1.27,0.43500000000000005,385.445,238.17499999999998,72.18436708860759,36.975,7.5368997701929965,3.8647369437023125
67e557aa25a43e8dde6c806c,task4,8,9.802,completed,-0.52,0.9968419844599696,289.68000000000006,16.247416138311994,-1.23,0.69,-0.49,4.91,16.29,0.05454329238884988,0.45945242262881597,4.647058823529412,547.9566085733293,51.5767088607595,84.7315686790974,5.38901951859308,8.842164185046446,-1.23,0.745,251.695,115.72500000000002,43.402721518987335,63.32499999999999,4.5359318171541,6.614073402562246
67e557aa25a43e8dde6c806c,task4,9,6.358,completed,2.75,0.9805945992659422,464.625,22.665133289952845,0.19,0.79,0.59,2.5,44.89,0.04998725316354019,0.4885526871192193,4.647058823529412,547.9566085733293,89.22310126582278,83.35054093760507,9.308870268256394,8.698604556737964,0.19,0.20500000000000002,327.665,329.025,59.75069620253164,17.425000000000004,6.241509868524679,1.8218501646945173
67e557aa25a43e8dde6c806c,task4,10,9.167,completed,1.48,0.9714689750736611,396.68,26.269754845903847,-1.29,1.18,0.25,3.37,5,0.05773038739985092,0.29253135419773596,4.647058823529412,547.9566085733293,74.6020253164557,82.5748628812612,7.7885676302730715,8.617959786071795,-1.29,0.375,248.485,261.875,42.71196202531645,31.874999999999996,4.4638155165768625,3.3319942011177073
67f441842da280dba751a76b,task4,1,10.129,completed,0.66,0.515,352.81,206.575,0.66,0.85,-0.03,3.9,30.26,0.3803281275524905,0.3803281275524905,6.258823529411765,470.29261815181286,48.381296992481204,32.50211466165414,5.889106322850955,3.95815976352016,0.66,0.515,352.81,206.575,48.381296992481204,32.50211466165414,5.889106322850955,3.95815976352016
67f441842da280dba751a76b,task4,2,9.241,completed,-0.79,0.4975073863309425,275.235,213.4845823992777,-1.59,1.79,0.3,3.64,49.94,0.18392899022682963,0.18450941223014716,6.258823529411765,470.29261815181286,35.986795112781955,31.398140030190593,4.382136135175055,3.823817490124577,-1.59,0.35,232.435,271.75,29.1484492481203,22.088815789473685,3.55002127827971,2.6905872789728
67f441842da280dba751a76b,task4,3,8.52,completed,-0.13,0.603063595836216,310.545,171.78987964469465,0.31,0.53,-0.81,3.24,15.38,0.6751814561116952,0.6896476047997858,6.258823529411765,470.29261815181286,41.62843045112782,38.05988765075367,5.068286845122603,4.634310318273879,0.31,0.905,334.085,52.52499999999998,45.389520676691724,57.11536654135339,5.525521737257951,6.9498350483836555
67f441842da280dba751a76b,task4,4,3.949,completed,0.66,0.5199600582316434,352.81,204.61577699850085,0.73,1.25,-0.08,2.65,34.89,0.2862597779728239,0.2862943561166405,6.258823529411765,470.29261815181286,48.381296992481204,32.81514841189366,5.889106322850955,3.9962507626971875,0.73,0.54,356.555,196.7,48.9796522556391,34.079887218045116,5.96180923564987,4.150139350856146
67f441842da280dba751a76b,task4,5,2.573,completed,0.42,0.5849951233225339,339.97,178.92692628759912,0.81,1.2,-0.38,4.4,7.54,0.26920330541438026,0.2692523577097378,6.258823529411765,470.29261815181286,46.32979323308271,36.919570048033975,5.639803522654519,4.495605722338682,0.81,0.69,360.835,137.45000000000005,49.66348684210526,43.54652255639097,6.044892393465282,5.301489966458975
67f441842da280dba751a76b,task4,6,3.391,completed,0.69,0.5717290090906788,354.415,184.16704140918188,-0.14,0.97,0.4,4.59,30.08,0.3250210676195117,0.3279005133462851,6.258823529411765,470.29261815181286,48.63773496240602,36.082333609435224,5.920265298526961,4.39375853788045,-0.14,0.30000000000000004,310.01,291.5,41.54295112781955,18.93327067669173,5.057893210717766,2.306330103707121
67f441842da280dba751a76b,task4,7,6.55,completed,1.91,0.5090457930187928,419.685,208.9269117575768,1.38,0.53,0.65,3.88,47.64,0.6198615365850791,0.6329749940744794,6.258823529411765,470.29261815181286,59.06621240601504,32.12633928685333,7.186603527217008,3.912432997522947,1.38,0.175,391.33,340.875,54.53580827067669,11.044407894736842,6.63667066463222,1.345479080532754
67f441842da280dba751a76b,task4,8,6.895,completed,-1.66,0.5160729798496039,228.69,206.15117295940647,-1.38,0.53,-0.45,2.22,21.34,0.7199983113244843,0.7581456403137972,6.258823529411765,470.29261815181286,28.550093984962405,32.569831388064756,3.4771921349304002,3.966399836922722,-1.38,0.725,243.67000000000002,123.625,30.943515037593986,45.755404135338345,3.7684912614094737,5.569992944788721
67f441842da280dba751a76b,task4,9,7.625,completed,0.15,0.5282634922970846,325.52500000000003,201.3359205426516,-0.53,1.14,0.37,2.74,41.87,0.30660489775094285,0.3162074686600282,6.258823529411765,470.29261815181286,44.02185150375941,33.33918562758386,5.359274108777232,4.060015391319277,-0.53,0.31499999999999995,289.145,285.57500000000005,38.20925751879699,19.879934210526308,4.652478194900185,2.4216130965292653
67f441842da280dba751a76b,task4,10,4.445,completed,1.04,0.5843491512972271,373.14,179.1820852375953,0.55,0.69,0.3,3.75,10.72,0.472266481738728,0.47987059926367226,6.258823529411765,470.29261815181286,51.62951127819549,36.87880217068496,6.283720739331904,4.49064660131832,0.55,0.35,346.925,271.75,47.44102443609023,22.088815789473685,5.774849322810518,2.6905872789728
67f9736009c0ccdd5034f448,task4,1,38.939,completed,0.61,0.4075732348428812,350.13500000000005,249.008572237062,1.29,1.29,-0.17,3.3,17.39,0.2580728714755784,0.2617886932419497,5.882352941176471,559.3997159040903,51.02295,27.36854271969946,5.2223399768689704,2.802628009313176,1.29,0.585,386.515,178.925,57.20754999999999,39.28274999999999,5.854309363660544,4.021831770200049
67f9736009c0ccdd5034f448,task4,2,8.996,completed,-1.1,0.6940896890632209,258.65,135.83457282002774,-1.54,0.87,-0.02,2.43,17.34,0.3964216639374843,0.42763810018756004,5.882352941176471,559.3997159040903,35.470499999999994,46.60812262059528,3.6318027619946975,4.771016885133155,-1.54,0.51,235.11,208.54999999999998,31.4687,34.2465,3.2222905910306334,3.5065577688216867
67f9736009c0ccdd5034f448,task4,3,6.214,completed,0.11,0.5844424431740887,323.385,179.14523494623498,0.39,1.27,-0.33,2.6,46.2,0.2870638460823911,0.2879525995113326,5.882352941176471,559.3997159040903,46.475449999999995,39.24531005914005,4.7574515420012125,4.018001750764693,0.39,0.665,338.365,147.325,49.02205,44.65475,5.017809351860537,4.57127758336462
67f9736009c0ccdd5034f448,task4,4,6.48,completed,1.08,0.723781149951016,375.28,124.10644576934872,1.22,0.63,-0.59,4.71,39.64,0.5087028151258933,0.5087067632136295,5.882352941176471,559.3997159040903,55.29759999999999,48.60190421921071,5.659178590372065,4.974858230441629,1.22,0.7949999999999999,382.77,95.97500000000002,56.570899999999995,53.384249999999994,5.789269492081856,5.463667516144361
67f9736009c0ccdd5034f448,task4,5,9.264,completed,1.31,0.6660214420810551,387.585,146.92153037798326,0.52,0.71,0.47,2.58,13.56,0.4442346142628541,0.5336247675613678,5.882352941176471,559.3997159040903,57.38944999999999,44.72333983574285,5.87289149256924,4.578291616085943,0.52,0.265,345.32,305.325,50.20439999999999,17.79475,5.138672307932981,1.822450175564769
67f9736009c0ccdd5034f448,task4,6,7.114,completed,1.42,0.7517964395744258,393.47,113.04040636810184,1.89,1.4,-0.73,3.98,26.92,0.24081797313672104,0.24086885743003367,5.882352941176471,559.3997159040903,58.3899,50.48313091742268,5.975087649879763,5.167163265957787,1.89,0.865,418.615,68.32499999999999,62.66455,58.08475,6.411634826097375,5.943917520274102
67f9736009c0ccdd5034f448,task4,7,10.409,completed,0.04,0.4167004688747419,319.64,245.40331479447696,-0.45,0.7,0.65,3.46,43.04,0.4894049467520805,0.4943855087863997,5.882352941176471,559.3997159040903,45.83879999999999,27.981436484938914,4.692354304510479,2.865364457296214,-0.45,0.17500000000000002,293.425,340.875,41.38225,11.751249999999999,4.236591132476809,1.203562053372846
67f9736009c0ccdd5034f448,task4,8,6.27,completed,1.02,0.5845991933983685,372.07,179.08331860764443,0.03,0.96,0.61,2.43,32.07,0.354990886935781,0.4100983897397237,5.882352941176471,559.3997159040903,54.75189999999999,39.25583583670044,5.603420857764858,4.01907851439448,0.03,0.19500000000000006,319.105,332.97499999999997,45.74785,13.094250000000004,4.683054450797859,1.341100086765662
67f9736009c0ccdd5034f448,task4,9,13.439,completed,-0.48,0.6856735099335814,291.81999999999994,139.15896357623535,0.03,0.93,-0.76,3.44,16.38,0.3798512969055697,0.3813760689476731,5.882352941176471,559.3997159040903,41.10939999999999,46.04297619203999,4.208682761167271,4.713231580083526,0.03,0.88,319.105,62.39999999999998,45.74785,59.092,4.683054450797859,6.046801627377227
67f9736009c0ccdd5034f448,task4,10,9.643,completed,2.08,0.6092955443163826,428.78,169.32825999502887,1.4,0.68,0.44,3.82,15.69,0.47036549533115946,0.48793465826962684,5.882352941176471,559.3997159040903,64.39259999999999,40.914195800845086,6.588059195056453,4.188716058011951,1.4,0.28,392.4,299.4,58.20799999999999,18.802000000000003,5.956507233180921,1.9255888345344636
67fbed03e8c70e38014c41b3,task4,1,61.815,completed,-0.17,0.569155021450642,308.40500000000003,185.1837665269964,0.2,0.69,-0.6,2.43,3.49,0.6040779149697854,0.632202241595035,5.08235294117647,588.9913856996682,50.8435763888889,44.234675567604874,4.942882800502785,4.301030560887781,0.2,0.8,328.2,94,54.738425925925924,62.17592592592593,5.321005401805932,6.042729247502316
67fbed03e8c70e38014c41b3,task4,2,7.598,completed,1.97,0.6004961182268581,422.8949999999999,172.80403330039104,1.84,0.64,-0.05,3.03,2.49,0.5792073306941528,0.5812456819415559,5.08235294117647,588.9913856996682,73.37054398148148,46.67050270709899,7.128116157593417,4.537630102814266,1.84,0.5249999999999999,415.94,202.62500000000003,72.00208333333333,40.802951388888886,6.99550026709338,3.9676346111051646
67fbed03e8c70e38014c41b3,task4,3,5.077,completed,-0.04,0.3639923527510712,315.36,266.22302066332685,-0.24,0.58,0.55,2.25,26.82,0.6870385708963931,0.6985010656154493,5.08235294117647,588.9913856996682,52.21203703703704,28.289451952817636,5.075749384603405,2.7514064704679355,-0.24,0.22499999999999998,304.66,321.125,50.10671296296297,17.486979166666668,4.871333723728194,1.7009697228537863
67fbed03e8c70e38014c41b3,task4,4,11.535,completed,-0.12,0.4664009589107425,311.08000000000004,225.7716212302567,-0.77,1.27,0.4,4.09,21.71,0.25560169008737305,0.25609927734388394,5.08235294117647,588.9913856996682,51.36990740740742,36.24863934126894,4.9939869262110275,3.5250751213051883,-0.77,0.30000000000000004,276.305,291.5,44.52760416666667,23.315972222222225,4.329485616651071,2.2678300935066145
67fbed03e8c70e38014c41b3,task4,5,8.478,completed,0.15,0.4844732606253904,325.52500000000003,218.63306205297081,-0.8,1,0.66,4.51,5.1,0.328474095265452,0.3315917281133447,5.08235294117647,588.9913856996682,54.21209490740742,37.653216957170095,5.2699143462037235,3.661575000614091,-0.8,0.16999999999999993,274.7,342.85,44.21180555555556,13.212384259259256,4.298808947752254,1.285217630916348
67fbed03e8c70e38014c41b3,task4,6,7.703,completed,0.5,0.47069737589356153,344.25,224.0745365220432,-0.41,1.19,0.56,4.1,49.66,0.27405136062050023,0.2758435528798733,5.08235294117647,588.9913856996682,57.89641203703704,36.58255647135724,5.627506574288035,3.557526828741778,-0.41,0.21999999999999997,295.565,323.1,48.3171875,17.098379629629626,4.6975559667723035,1.6631757641645262
67fbed03e8c70e38014c41b3,task4,7,23.332,completed,0.41,0.5908647908115944,339.435,176.6084076294202,0.38,0.7,-0.15,3.75,1.38,0.5288243820771531,0.5288268879367556,5.08235294117647,588.9913856996682,56.94901620370371,45.92195683217427,5.535564483685973,4.46492551667379,0.38,0.575,337.83,182.87500000000003,56.633217592592594,44.68894675925926,5.504915529181194,4.345158192570696
67fbed03e8c70e38014c41b3,task4,8,36.375,completed,2.25,0.7262333170228804,437.875,123.13783977596223,1.45,0.82,0.16,4.55,17.45,0.37084483943581575,0.38544686566813724,5.08235294117647,588.9913856996682,76.31799768518519,56.44278615519262,7.4136849996952385,5.486433355248632,1.45,0.42000000000000004,395.075,244.1,67.89670138888889,32.642361111111114,6.597541415074476,3.174564323993228
67fbed03e8c70e38014c41b3,task4,9,13.917,completed,0.46,0.3980545260807934,342.11,252.7684621980866,0.24,1.08,0.34,3.54,26.12,0.30928680327325964,0.309353431438808,5.08235294117647,588.9913856996682,57.475347222222226,30.936760910098702,5.586644311081719,3.0087680811470383,0.24,0.32999999999999996,330.34,279.65,55.159490740740736,25.64756944444445,5.36187672308083,2.4945447177453826
67fbed03e8c70e38014c41b3,task4,10,4.389,completed,1.19,0.5465626780449804,381.165,194.10774217223275,0.64,0.88,0.33,4.64,1.61,0.3831554657492,0.38498419731659156,5.08235294117647,588.9913856996682,65.1597800925926,42.4788007300005,6.332146381689318,4.130454046866332,0.64,0.33499999999999996,351.74,277.675,59.370138888888896,26.03616898148148,5.770513148833512,2.532328637543367
558d8d71fdf99b534f79b352,task4,1,13.668,completed,0.92,0.5335505943089488,366.72,199.24751524796525,0.57,1.24,0.11,4.67,42.63,0.2529753089711827,0.25300734898747834,4.4,605.8617847404242,71.98181818181818,47.8982919890988,6.7992624428568496,4.527339374555709,0.57,0.44499999999999995,347.995,234.22500000000002,67.72613636363636,39.948863636363626,6.398140087388982,3.776558595691624
558d8d71fdf99b534f79b352,task4,2,9.164,completed,0.24,0.5302453041281039,330.34000000000003,200.55310486939896,0.75,1.14,-0.38,2.79,49.89,0.31037718238184914,0.31427598819667313,4.4,605.8617847404242,63.71363636363637,47.60156707513659,6.019795022762194,4.499321886326586,0.75,0.69,357.625,137.45000000000005,69.91477272727272,61.943181818181806,6.604451809922283,5.852813753841947
558d8d71fdf99b534f79b352,task4,3,7.19,completed,0.92,0.5445576460400172,366.72,194.8997298141932,1.3,0.74,-0.42,4.42,11.18,0.434975983765796,0.4354648342495698,4.4,605.8617847404242,71.98181818181818,48.886425042228815,6.7992624428568496,4.620637378030442,1.3,0.71,387.05,129.55,76.60227272727272,63.73863636363635,7.23457759750802,6.02215272821252
558d8d71fdf99b534f79b352,task4,4,16.363,completed,0.88,0.5261745881939421,364.58,202.16103766339285,1.35,1.08,-0.34,3.91,7.31,0.30557245926836446,0.30612386862759894,4.4,605.8617847404242,71.49545454545454,47.23612780377435,6.753428144843142,4.46481548204846,1.35,0.67,389.725,145.34999999999997,77.21022727272727,60.14772727272727,7.291840616632031,5.683449190874254
558d8d71fdf99b534f79b352,task4,5,12.609,completed,0.03,0.5769651728355216,319.105,182.09875672996893,-1.23,1.27,0.54,3.15,12.65,0.2624629258317255,0.27954607525704683,4.4,605.8617847404242,61.16022727272727,51.79573710682524,5.778961044345755,4.895294099970471,-1.23,0.22999999999999998,251.695,319.15,45.839772727272724,20.647727272727277,4.332958006111178,1.9524472041970458
558d8d71fdf99b534f79b352,task4,6,13.453,completed,-0.93,0.5383611874350288,267.745,197.3473309631636,-1.37,0.8,0.29,3.54,16.59,0.4140083808166567,0.4175007059229404,4.4,605.8617847404242,49.4875,48.330152053826446,4.677386961195158,4.568115683889682,-1.37,0.355,244.20499999999998,269.775,44.137499999999996,31.869318181818183,4.172197305040814,3.0131568269525424
558d8d71fdf99b534f79b352,task4,7,9.727,completed,0.97,0.5288383024905821,369.395,201.1088705162201,0.36,0.71,0.49,4.72,16.66,0.44666527293198577,0.449392782644536,4.4,605.8617847404242,72.58977272727272,47.47525670085906,6.85655225086658,4.487395189994044,0.36,0.255,336.76,309.275,65.17272727272727,22.892045454545457,6.157390681201671,2.1646217190954453
558d8d71fdf99b534f79b352,task4,8,10.557,completed,1.22,0.5232948352808964,382.77,203.29854006404597,1.27,0.64,-0.1,3.09,27.06,0.5340777777911528,0.5341115523326527,4.4,605.8617847404242,75.62954545454545,46.97760453089864,7.142949252832004,4.440404073085003,1.27,0.55,385.445,192.74999999999997,76.2375,49.375,7.200218047493818,4.666765617600943
558d8d71fdf99b534f79b352,task4,9,12.704,completed,1.24,0.5454694641993034,383.84,194.5395616412752,1.9,1.25,-0.45,3.4,29.61,0.2707160612204512,0.2723989785653042,4.4,605.8617847404242,75.87272727272726,48.96828144516472,7.1658572010356,4.62836586053281,1.9,0.725,419.15,123.625,83.89772727272727,65.08522727272727,7.921486953946194,6.1491397251247255
558d8d71fdf99b534f79b352,task4,10,8.23,completed,1.34,0.5381048192057436,389.19,197.44859641373128,1.56,0.59,-0.36,2.39,21.16,0.6365897139981166,0.6485078983513555,4.4,605.8617847404242,77.08863636363635,48.30713717869743,7.280388303618729,4.565942644115391,1.56,0.6799999999999999,400.96000000000004,141.40000000000003,79.76363636363637,61.04545454545453,7.532305148899158,5.768134625054631
667433338e6cc9e53c828774,task4,1,25.081,completed,0.48,0.5172487247464052,343.18000000000006,205.68675372516995,0.43,1.37,-0.01,3.4,10.98,0.24497401376788422,0.24497463644592588,4.08235294117647,617.6327305582678,71.81642651296832,50.04791335262408,6.65468525542586,4.640244199161915,0.43,0.5049999999999999,340.505,210.52500000000003,71.16116714697407,48.86275216138328,6.594101889218322,4.530476604815695
667433338e6cc9e53c828774,task4,2,29.969,completed,-0.75,0.5874459839449865,277.375,177.95883634173032,0.12,1.23,-0.63,4.68,43.36,0.2611886428418579,0.2616349457455838,4.08235294117647,617.6327305582678,55.69704610951009,56.84005449842341,5.163336631081182,5.269150234541229,0.12,0.815,323.92,88.07500000000005,67.09855907780981,78.85770893371757,6.218403943304681,7.3054597631276765
667433338e6cc9e53c828774,task4,3,14.956,completed,0.62,0.6445580122182297,350.67,155.39958517379927,-0.09,0.92,0.24,3.01,17.65,0.3563237188100917,0.37812751458030747,4.08235294117647,617.6327305582678,73.65115273775217,62.36609585079845,6.824298761642185,5.780591543947845,-0.09,0.38,312.685,259.9,64.346469740634,36.76801152737753,5.96382233821896,3.409842068757488
667433338e6cc9e53c828774,task4,4,16.882,completed,1.68,0.6419375839797017,407.38,156.43465432801784,1.73,0.57,-0.34,4.58,7.62,0.5612481592504293,0.5612483555927703,4.08235294117647,617.6327305582678,87.54265129682997,62.112548651638285,8.107491895896123,5.757130355653601,1.73,0.6699999999999999,410.055,145.35000000000002,88.19791066282421,64.82780979827089,8.167972135490963,6.008352950087409
667433338e6cc9e53c828774,task4,5,12.674,completed,1.14,0.692476738932132,378.49,136.47168812180786,0.34,1.6,-0.07,4.61,14.62,0.19608793965609667,0.1970105715765705,4.08235294117647,617.6327305582678,80.46585014409223,67.00261241973007,7.454023907222873,6.2095294313448965,0.34,0.535,335.69,198.67499999999998,69.98170028818444,51.76548991354468,6.485042552348741,4.799308017349514
667433338e6cc9e53c828774,task4,6,18.319,completed,-1.46,0.6472889457743601,239.39,154.32086641912773,-1.71,0.74,-0.04,2.36,10.65,0.4964654748484869,0.5145950770236436,4.08235294117647,617.6327305582678,46.392363112391934,62.63033531519927,4.301646903417667,5.805041591037137,-1.71,0.52,226.015,204.6,43.116066282420746,50.314121037463984,3.998114110728697,4.664898733178707
667433338e6cc9e53c828774,task4,7,11.127,completed,0.91,0.7335153201124509,366.185,120.2614485555819,-0.24,1.49,0.02,4.32,43.66,0.20692348404720942,0.21287924473032244,4.08235294117647,617.6327305582678,77.45165706051874,70.97342038263845,7.175544971443698,6.576742690338497,-0.24,0.49,304.66,216.45000000000002,62.38069164265131,47.41138328530259,5.7819421046460775,4.396042000416214
667433338e6cc9e53c828774,task4,8,17.168,completed,1.5,0.7120524056179602,397.75,128.7392997809057,0.48,0.73,0.45,4.99,13.62,0.40853928676261014,0.43254655806506276,4.08235294117647,617.6327305582678,85.18371757925073,68.89671331015279,7.8897258065593725,6.384708901442382,0.48,0.275,343.18,301.375,71.8164265129683,26.60842939481268,6.654685255425858,2.4679957794948755
667433338e6cc9e53c828774,task4,9,22.792,completed,0.96,0.7319404130961256,368.86,120.8835368270304,1.1,0.75,-0.62,2.3,9.04,0.5561024136781575,0.5582066816884175,4.08235294117647,617.6327305582678,78.10691642651298,70.8210356475574,7.236091204162858,6.562652867532985,1.1,0.81,376.35,90.04999999999995,79.94164265129685,78.37391930835737,7.405599028158304,7.2607612212351995
667433338e6cc9e53c828774,task4,10,16.091,completed,-0.02,0.6900758766652937,316.43000000000006,137.420028717209,-0.45,0.96,-0.04,2.14,30.02,0.3715944565034958,0.40702424155104855,4.08235294117647,617.6327305582678,65.26383285302596,66.77030996840702,6.048689545039022,6.18804248712279,-0.45,0.52,293.425,204.6,59.62860230547551,50.314121037463984,5.527260990406511,4.664898733178707
66803a896850f7964079120f,task4,1,15.08,completed,0.11,0.4768106624622663,323.385,221.6597883274048,0.47,1.64,-0.1,3.39,30.98,0.20318411178378465,0.20333900450868153,5.447058823529412,517.4387871339824,50.18947084233261,34.576496743349004,5.553108011577371,3.8272172640947115,0.47,0.55,342.645,192.74999999999997,53.725323974082066,39.883909287257026,5.943646746114133,4.414143925012231
66803a896850f7964079120f,task4,2,13.917,completed,1.01,0.32264077037637784,371.535,282.55689570133075,0.63,0.55,0.84,3.66,17.96,0.6358117151860782,0.6392717818335377,5.447058823529412,517.4387871339824,59.02910367170627,23.3966822146585,6.529193014568906,2.5902635326738532,0.63,0.08000000000000004,351.205,378.4,55.296814254859605,5.8012958963282975,6.117175708160568,0.6423683286591201
66803a896850f7964079120f,task4,3,9.022,completed,-0.13,0.397787493623606,310.545,252.87394001867565,0.15,0.81,-0.03,3.12,47.05,0.4163677944719705,0.41933819252232174,5.447058823529412,517.4387871339824,47.83223542116631,28.84603692961678,5.292676552535128,3.1932827122494225,0.15,0.5150000000000001,325.525,206.57499999999996,50.58234341252699,37.345842332613394,5.596507746573615,4.133495722458485
66803a896850f7964079120f,task4,4,9.224,completed,-0.09,0.3986404379511776,312.685,252.53702700928483,0.64,0.71,-0.61,2.15,23.61,0.48181113774415774,0.5937796357435111,5.447058823529412,517.4387871339824,48.22510799136069,28.90788920995851,5.336085668270973,3.2001262607463263,0.64,0.8049999999999999,351.74,92.02500000000003,55.39503239740821,58.37553995680345,6.1280203442055,6.457056288783915
66803a896850f7964079120f,task4,5,6.911,completed,0.45,0.4933335996405533,341.57500000000005,215.13322814198145,1.48,0.95,-0.68,4.92,47.15,0.3341793008782055,0.3370562591198009,5.447058823529412,517.4387871339824,53.52888768898489,35.77467733894509,5.921953690943301,3.95973817839875,1.48,0.8400000000000001,396.68,78.19999999999999,63.64535637149028,60.91360691144708,7.038558534861466,6.737164793883698
66803a896850f7964079120f,task4,6,10.94,completed,1.38,0.3987753354932786,391.33,252.48374248015492,1.49,0.52,0.07,4.77,23.17,0.6020116201069828,0.6020488584939936,5.447058823529412,517.4387871339824,62.66317494600431,28.9176714669262,6.930205529353102,3.2012086011278353,1.49,0.46499999999999997,397.21500000000003,226.32500000000002,63.74357451403888,33.720032397408204,7.049393145547038,3.7324844799878067
66803a896850f7964079120f,task4,7,9.533,completed,-1.15,0.3594478508829576,255.975,268.0180989012317,-0.23,1.05,-0.36,2.4,26.44,0.3156341976011697,0.36267628522167417,5.447058823529412,517.4387871339824,37.8139848812095,26.065791778391585,4.185264683531142,2.8856440575277493,-0.23,0.6799999999999999,305.195,141.40000000000003,46.85005399568034,49.311015118790486,5.184147139627382,5.456061265632549
66803a896850f7964079120f,task4,8,6.294,completed,-0.92,0.46811416389079874,268.28000000000003,225.09490526313448,-1.42,1.14,0.39,2.51,35.66,0.3215556984102432,0.3281011991108308,5.447058823529412,517.4387871339824,40.07300215982722,33.94585972491051,4.435050898527209,3.7574635470401865,-1.42,0.30499999999999994,241.53,289.52500000000003,35.16209503239741,22.117440604751614,3.8919867824432774,2.448682128377968
66803a896850f7964079120f,task4,9,5.977,completed,-0.14,0.5081181928568788,310.01,209.2933138215329,0.1,0.62,-0.26,4.71,26.1,0.5077177167959879,0.5078670109939601,5.447058823529412,517.4387871339824,47.734017278617706,36.84679983837949,5.281824035594321,4.0783078710155785,0.1,0.63,322.85,161.15,50.09125269978402,45.68520518358531,5.542257828223912,5.055421235130502
66803a896850f7964079120f,task4,10,8.835,completed,0.13,0.5033536461159962,324.45500000000004,211.1753097841815,-0.67,1.07,0.49,3.81,19.4,0.30779980716736355,0.311137757279013,5.447058823529412,517.4387871339824,50.38590712742981,36.50129302018266,5.574808079145339,4.040098032583884,-0.67,0.255,281.655,309.275,42.52845572354211,18.49163066954644,4.706509757499289,2.047352620594282
67104869a47a61b561900be7,task4,1,11.54,completed,1.86,0.7836457169740889,417.0100000000001,100.45994179523488,0.1,1.37,0.23,4.55,38.05,0.20838551710915998,0.23059994880353527,5.141176470588236,526.0795849973846,71.38638443935928,60.208020474611054,7.762855492188977,6.550163944519108,0.1,0.385,322.85,257.92499999999995,53.07151029748284,29.579805491990854,5.775169267093185,3.2207136912333616
67104869a47a61b561900be7,task4,2,16.738,completed,0.36,0.7135465645142893,336.76,128.1491070168557,-0.93,0.83,0.73,2.39,12.66,0.33948357287881936,0.49993608923419336,5.141176470588236,526.0795849973846,55.777116704805486,54.82225607223629,6.069052706993157,5.965344503124552,-0.93,0.13499999999999998,267.745,356.675,42.353146453089245,10.372139588100683,4.6102285780674785,1.1296020420106336
67104869a47a61b561900be7,task4,3,12.806,completed,1.28,0.8549535386464574,385.98,72.29335223464932,1.37,0.53,-0.82,4.93,42.33,0.6116270159906035,0.6116274157929688,5.141176470588236,526.0795849973846,65.3508009153318,65.68664773467918,7.10828049101329,7.14471657014448,1.37,0.9099999999999999,390.795,50.55000000000001,66.28735697940503,69.91590389016018,7.209884007050752,7.603423090769454
67104869a47a61b561900be7,task4,4,10.791,completed,-0.65,0.8298186656249766,282.725,82.22162707813422,-0.5,0.65,-0.83,3.41,5.83,0.567771790283481,0.5679059965945604,5.141176470588236,526.0795849973846,45.26687643020595,63.75551876054597,4.927015984926216,6.935188525746945,-0.5,0.915,290.75,48.57499999999999,46.827803203661325,70.30005720823799,5.09669284069145,7.645076621166336
67104869a47a61b561900be7,task4,5,10.13,completed,-1.13,0.8496935169695337,257.045,74.3710607970342,-1.53,0.61,-0.28,3.95,18.77,0.4883770711664555,0.5335485941982607,5.141176470588236,526.0795849973846,40.27191075514874,65.28251677860891,4.383908402181439,7.100872156993689,-1.53,0.64,235.64499999999998,157.2,36.109439359267725,49.171624713958806,3.931167142399534,5.351430190198539
67104869a47a61b561900be7,task4,6,11.655,completed,-1.24,0.8806404156900661,251.16,62.14703580242388,-1.86,0.89,-0.33,4.88,34.48,0.32459059469239193,0.3526764286098182,5.141176470588236,526.0795849973846,39.12723112128146,67.66018754415096,4.259417605736134,7.358796779484208,-1.86,0.665,217.99,147.325,32.6754004576659,51.09239130434783,3.5575625315087414,5.560148635989582
67104869a47a61b561900be7,task4,7,8.883,completed,0.41,0.6850976879186762,339.435,139.3864132721229,-1.27,1.2,0.56,3.5,34.85,0.250727727187807,0.2845825055816595,5.141176470588236,526.0795849973846,56.297425629290615,52.63651000427814,6.125559712597079,5.727912262374436,-1.27,0.21999999999999997,249.555,323.1,38.81504576659039,16.902745995423334,4.225463812131683,1.8407342457511189
67104869a47a61b561900be7,task4,8,8.723,completed,-0.18,0.8665617130867664,307.87,67.70812333072726,-0.97,0.59,0.08,4.48,24.85,0.4269091503369477,0.5355134234266244,5.141176470588236,526.0795849973846,50.15778032036613,66.57851148029332,5.4585944649599405,7.241467980599521,-0.97,0.46,265.605,228.29999999999998,41.936899313501144,35.3421052631579,4.564967365058662,3.8476923705200368
67104869a47a61b561900be7,task4,9,6.244,completed,1.38,0.8536076620784869,391.33,72.82497347899766,0.8,0.66,-0.16,4.31,31.58,0.42862237194033864,0.48207923980435885,5.141176470588236,526.0795849973846,66.39141876430205,65.58324314481739,7.221172588880366,7.133498342207585,0.8,0.5800000000000001,360.3,180.89999999999998,60.355835240274594,44.56178489702517,6.56620990592296,4.850363542806161
67104869a47a61b561900be7,task4,10,9.48,completed,0.99,0.8826425273666096,370.465,61.3562016901892,0.56,0.89,-0.45,3.71,34.63,0.34007434797548797,0.3739604575642162,5.141176470588236,526.0795849973846,62.333009153318066,67.81401111289226,6.780816046003355,7.375480687117431,0.56,0.7249999999999999,347.46,123.62500000000006,57.858352402745986,55.70223112128145,6.295062730175439,6.060919679157534
671e36cc7fa293418ae65232,task4,1,11.639,completed,-0.56,0.5040857950534939,287.54,210.88611095386992,-0.86,0.66,0.31,2.91,46.06,0.5255926642876213,0.5319044532233022,4.952941176470588,493.37200760532573,47.959382422802854,40.201141493874246,5.565191053025754,4.666017865263973,-0.86,0.345,271.49,273.725,44.71888361045131,27.513954869358663,5.189697166601453,3.1943951056475415
671e36cc7fa293418ae65232,task4,2,10.966,completed,1.53,0.4653291757324993,399.355,226.19497558566275,1.88,1.05,-0.14,4.75,15.77,0.29900566667442774,0.29907083151677416,4.952941176470588,493.37200760532573,70.53485748218527,37.11027808840538,8.177373655133893,4.307623152125736,1.88,0.5700000000000001,418.08,184.84999999999997,74.31543942992873,45.45783847980998,8.614063284868843,5.275333917751334
671e36cc7fa293418ae65232,task4,3,6.401,completed,-0.11,0.4814720059154983,311.615,219.8185576633782,0.04,1.71,-0.02,3.85,15.17,0.1901850141714208,0.19018704620760019,4.952941176470588,493.37200760532573,52.82013064133017,38.39767838150321,6.128205195004448,4.456911655226307,0.04,0.51,319.64,208.54999999999998,54.44038004750593,40.6728028503563,6.315812129196305,4.720700531518085
671e36cc7fa293418ae65232,task4,4,6.257,completed,1.11,0.4908068411214137,376.885,216.1312977570416,0.19,1.05,0.59,4.41,11.33,0.3087025119846078,0.3111044265564239,4.952941176470588,493.37200760532573,65.99815914489311,39.14213703242628,7.6530329825856604,4.5432331112080595,0.19,0.20500000000000004,327.665,329.025,56.06062945368171,16.34887173396675,6.503385177962092,1.8984369503132998
671e36cc7fa293418ae65232,task4,5,9.29,completed,-0.66,0.5285167404527038,282.19,201.235887521182,0.17,1.16,-0.52,4.59,7.48,0.27819415639724665,0.27904843555425574,4.952941176470588,493.37200760532573,46.879216152019,42.149523897148526,5.440039314209908,4.8918920619518,0.17,0.76,326.595,109.80000000000001,55.84459619952494,60.610451306413296,6.478377431758714,7.029919292369141
671e36cc7fa293418ae65232,task4,6,8.122,completed,-0.63,0.4889938430855246,283.795,216.84743198121777,-0.93,1.12,0.19,4.78,24.57,0.2799660367852225,0.2799822887485393,4.952941176470588,493.37200760532573,47.20326603325416,38.99754936246197,5.477586213181706,4.5264682849390745,-0.93,0.405,267.745,250.02499999999998,43.96276722090261,32.29899049881236,5.102065579765335,3.7495749626025847
671e36cc7fa293418ae65232,task4,7,9.784,completed,-0.16,0.5044555036165019,308.94,210.74007607148167,1.09,1.21,-0.76,3.03,30.26,0.28771370273077357,0.3047056936317324,4.952941176470588,493.37200760532573,52.28004750593824,40.23062597131605,6.065662192433315,4.6694362486567735,1.09,0.88,375.815,62.39999999999998,65.78212589073634,70.18052256532067,7.628056197134506,8.136432539751562
671e36cc7fa293418ae65232,task4,8,7.384,completed,0.28,0.3119828329580641,332.48,286.7667809815647,0.29,1.04,0.37,4.99,22.28,0.30171670417935653,0.3017167041964444,4.952941176470588,493.37200760532573,57.03277909738718,24.88081619137055,6.615912327957798,2.8888216743746633,0.29,0.31499999999999995,333.015,285.57500000000005,57.140795724465555,25.12143705463182,6.628414560150941,2.9167472860036874
671e36cc7fa293418ae65232,task4,9,8.393,completed,1.28,0.4992992664975807,385.98,212.7767897334556,1.73,1.08,-0.26,4.8,39.87,0.290361754674345,0.2904636427979599,4.952941176470588,493.37200760532573,67.83444180522565,39.81941299918355,7.865306020637907,4.62176012308378,1.73,0.6300000000000001,410.055,161.14999999999995,72.69519002375297,50.24287410926367,8.42694053597453,5.829720076559724
671e36cc7fa293418ae65232,task4,10,5.329,completed,-0.59,0.4803227453191313,285.935,220.27251559894316,-0.92,1.61,0.17,4.27,33.68,0.1979383284870413,0.19794991092372996,4.952941176470588,493.37200760532573,47.63533254156769,38.30602416648416,5.527646912858961,4.446283815476374,-0.92,0.415,268.28,246.07500000000002,44.07078384798099,33.096496437054626,5.114584745884679,3.8420885258972652
67e2ab30a61684eccd40a3e3,task4,1,14.706,completed,-0.55,0.5012022452572409,288.075,212.02511312338984,-1.71,1.13,0.67,4.33,30.17,0.286694106085377,0.2905564010021947,5.141176470588236,675.1534715058838,46.3074942791762,38.5077011087228,3.9282691878020732,3.267006732075083,-1.71,0.165,226.015,344.825,34.23632723112128,12.677059496567507,2.904786783955752,1.0757860215375201
67e2ab30a61684eccd40a3e3,task4,2,13.824,completed,0.07,0.5043288582005478,321.245,210.7901010107836,0.05,0.96,0.01,2.51,1.74,0.46642680382316376,0.46644932697440417,5.141176470588236,675.1534715058838,52.75932494279176,38.74792085602607,4.4750562781427234,3.2873759134647234,0.05,0.495,320.175,214.475,52.55120137299771,38.03117848970251,4.4574210330072,3.226599886753399
67e2ab30a61684eccd40a3e3,task4,3,12.563,completed,0.84,0.5866223017039651,362.44,178.28419082693378,1.75,1.78,-0.5,4.64,26.11,0.17945125365010342,0.1795541848594065,5.141176470588236,675.1534715058838,60.772082379862695,45.070580731603265,5.153844057150335,3.8234206172657514,1.75,0.75,411.125,113.75,70.24170480549199,57.62299771167048,5.955577744810755,4.887114970234344
67e2ab30a61684eccd40a3e3,task4,4,27.401,completed,-0.36,0.502660754294457,298.24,211.4490020536895,-1.33,1.61,0.39,4,10.49,0.2030084834534037,0.20396561947214153,5.141176470588236,675.1534715058838,48.28466819221968,38.6197593259414,4.0958531452236935,3.276508616787979,-1.33,0.30499999999999994,246.345,289.52500000000003,38.19067505720823,23.43335240274599,3.2401245248186115,1.988432984681809
67e2ab30a61684eccd40a3e3,task4,5,11.329,completed,1.17,0.6803847989504096,380.095,141.2480044145882,0.23,1.56,0.03,3.76,33.51,0.2048492079195953,0.2086601403447695,5.141176470588236,675.1534715058838,64.20612128146453,52.27441561729977,5.444645130215382,4.433967405227162,0.23,0.485,329.805,218.425,54.42431350114416,37.262871853546905,4.61613053447226,3.1614494625013854
67e2ab30a61684eccd40a3e3,task4,6,6.915,completed,-1.53,0.63,235.645,161.14999999999998,-1.53,0.72,-0.26,4.93,25.46,0.43448448315141885,0.43448448315141885,5.141176470588236,675.1534715058838,36.10943935926773,48.403318077803206,3.0636375319592135,4.1059092810101125,-1.53,0.63,235.64499999999998,161.15,36.109439359267725,48.4033180778032,3.063637531959213,4.105909281010112
67e2ab30a61684eccd40a3e3,task4,7,18.826,completed,0.57,0.6259009850822154,347.995,162.76911089252494,-0.13,0.91,0.24,4.17,42.88,0.3471864815447223,0.3522745455583242,5.141176470588236,675.1534715058838,57.96241418764302,48.08838804149973,4.915866319257595,4.079217340901253,-0.13,0.38,310.545,259.9,50.67808924485126,29.195652173913047,4.298694420363962,2.477254614625849
67e2ab30a61684eccd40a3e3,task4,8,21.844,completed,0.47,0.5498008812792786,342.6449999999999,192.82865189468487,0.19,0.73,0.16,3.19,40.12,0.46144136662406293,0.46424447253879975,5.141176470588236,675.1534715058838,56.92179633867275,42.24156656510706,4.827715538329172,3.583591793226641,0.19,0.42,327.665,244.1,54.00806636155606,32.26887871853547,4.580863266154042,2.7379237507585015
67e2ab30a61684eccd40a3e3,task4,9,11.52,completed,-0.63,0.3656230062619215,283.795,265.57891252654105,-0.89,0.55,0.59,3.62,27.96,0.6167393070994877,0.6180686765420071,5.141176470588236,675.1534715058838,45.475,28.091058204219703,3.8577024508161624,2.3835572456720158,-0.89,0.20500000000000007,269.885,329.025,42.76939359267734,15.750286041189934,3.6283406167702936,1.3365612878869189
67e2ab30a61684eccd40a3e3,task4,10,10.486,completed,-0.63,0.6137999236838501,283.795,167.54903014487925,-1.09,1.2,0.02,4.25,5.28,0.26873100580362225,0.2692242693773451,5.141176470588236,675.1534715058838,45.475,47.15865546381067,3.8577024508161624,4.0004151512600234,-1.09,0.49,259.185,216.45000000000002,40.68815789473684,37.647025171624705,3.451888548969256,3.1940249328058656
67e2f5ebbe69a58c40a5d550,task4,1,8.862,completed,-0.67,0.6938840803362836,281.65500000000003,135.91578826716798,-1.96,1.07,0.4,3.61,44.05,0.2835976838899401,0.31152201123147605,4.705882352941177,560.5799273913352,49.226687500000004,58.242894993226805,5.028134134354882,5.947546220403994,-1.96,0.30000000000000004,212.64,291.5,34.56099999999999,25.18125,3.531294055919561,2.5732937386272985
67e2f5ebbe69a58c40a5d550,task4,2,16.591,completed,2.18,0.6511900785563497,434.13,152.77991897024185,1.54,0.58,0.44,3.66,5.4,0.5481616510132652,0.5888862918486848,4.705882352941177,560.5799273913352,81.627625,54.65926721882361,8.328305381440142,5.5821971596724245,1.54,0.28,399.89,299.4,74.351625,23.502500000000005,7.58822329631547,2.4017928542933675
67e2f5ebbe69a58c40a5d550,task4,3,9.465,completed,0.42,0.7198281931993527,339.97,125.6678636862557,0.09,0.83,-0.18,3.73,29.54,0.39043736119753114,0.39422030083940646,4.705882352941177,560.5799273913352,61.618625,60.42057896667066,6.29158967936427,6.169501386693775,0.09,0.59,322.315,176.95000000000002,57.8669375,49.52312499999999,5.909223094866853,5.058373783944363
67e2f5ebbe69a58c40a5d550,task4,4,7.068,completed,1.08,0.7247331459642463,375.28,123.73040734412272,0.13,0.59,0.73,2.39,20.97,0.46459420942455304,0.6945755883516359,4.705882352941177,560.5799273913352,69.12199999999999,60.83228843937392,7.055893851396448,6.211458720803865,0.13,0.135,324.455,356.675,58.321687499999996,11.331562499999997,5.955577744810756,1.158137437448446
67e2f5ebbe69a58c40a5d550,task4,5,11.978,completed,0.94,0.7668103617084899,367.79,107.10990712514648,-1.71,1.68,0.48,3.61,48.07,0.1623526484791023,0.19973829809870278,4.705882352941177,560.5799273913352,67.530375,64.36414473590636,6.893818938181382,6.571320736604933,-1.71,0.26,226.015,307.3,37.403187499999994,21.823749999999997,3.821489432839862,2.230281208193428
67e2f5ebbe69a58c40a5d550,task4,6,10.701,completed,0.79,0.7624738222122397,359.765,108.82284022616533,-0.82,0.78,0.79,4.77,8.7,0.3498899916257967,0.42133518255086344,4.705882352941177,560.5799273913352,65.8250625,64.00014645193987,6.720136613322958,6.5342387058013065,-0.82,0.10499999999999998,273.63,368.525,47.521375,8.813437500000004,4.854161377663988,0.9007856789246759
67e2f5ebbe69a58c40a5d550,task4,7,11.102,completed,0.33,0.7428677528455931,335.15500000000003,116.56723762599071,0.23,0.94,-0.4,2.14,27.02,0.42506148580190145,0.4303737455440133,4.705882352941177,560.5799273913352,60.5954375,62.354462004476964,6.187321432000183,6.366568946981303,0.23,0.7,329.805,133.5,59.4585625,58.75625,6.071455802100342,5.9998727722801855
67e2f5ebbe69a58c40a5d550,task4,8,13.074,completed,1.25,0.6098742742781127,384.375,169.0996616601455,0.67,0.75,0.27,4.48,35.89,0.4189255602065612,0.4229292276485752,4.705882352941177,560.5799273913352,71.0546875,51.191321897219076,7.252661048402477,5.228533621864484,0.67,0.365,353.345,265.82500000000005,64.4608125,30.63718749999999,6.5811684556822,3.1305880190872752
67e2f5ebbe69a58c40a5d550,task4,9,9.293,completed,-0.58,0.5664195548570314,286.47,186.2642758314726,-1.73,0.96,0.82,2.38,20.5,0.36223816317515345,0.4374404097245155,4.705882352941177,560.5799273913352,50.249875,47.54384138581207,5.132506707825894,4.85645350317941,-1.73,0.09000000000000002,224.945,374.45,37.1758125,7.554375000000002,3.7982755577021248,0.7721062297766471
67e2f5ebbe69a58c40a5d550,task4,10,10.295,completed,-0.02,0.6197426285099951,316.43000000000006,165.20166173855196,-0.47,0.57,0.3,3.07,28.82,0.5769390840126968,0.6068632596135815,4.705882352941177,560.5799273913352,56.61637500000001,52.01964688055771,5.78173787168359,5.31301610904479,-0.47,0.35,292.355,271.75,51.500437500000004,29.378125,5.260061597701258,3.0019938327596143
67ebfd4d8ea1101322300f73,task4,1,10.604,completed,-1.36,0.2054356843151667,244.74,328.85290469550915,-1.34,0.83,0.57,2.36,27.13,0.4780484356321156,0.4782867054246929,8.376470588235295,409.08079858125825,23.248455056179775,9.687504355170958,3.255298267833507,1.356766629800724,-1.34,0.21500000000000002,245.81,325.075,23.376193820224717,10.138518258426966,3.273174821348928,1.4199262784640367
67ebfd4d8ea1101322300f73,task4,2,8.705,completed,0.41,0.7233319279753364,339.435,124.28388844974212,0.55,0.86,-0.56,3.27,37.68,0.40473024195613344,0.40478469615490537,8.376470588235295,409.08079858125825,34.5533356741573,34.109367249679664,4.836659461761659,4.774586625692636,0.55,0.78,346.925,101.89999999999998,35.44750702247191,36.78160112359551,4.961668144860446,5.148157708971264
67ebfd4d8ea1101322300f73,task4,3,13.308,completed,-1.82,0.21430363523146256,220.13,325.35006408357225,-1.84,0.89,0.61,2.35,1.1,0.9650390494766516,0.9652424963527478,8.376470588235295,409.08079858125825,20.310463483146066,10.105680551820727,2.8440955509358874,1.415327739323773,-1.84,0.195,219.06,332.975,20.182724719101124,9.195400280898873,2.826215433313145,1.2878518052655936
67ebfd4d8ea1101322300f73,task4,4,15.043,completed,0.49,0.601038286382899,343.71500000000003,172.58987687875486,0.42,1.5,-0.17,3.28,6.45,0.22911522451970862,0.22911933799527645,8.376470588235295,409.08079858125825,35.06429073033708,28.342500653519433,4.9080944245433695,3.96805851972143,0.42,0.585,339.97,178.925,34.61720505617978,27.586200842696627,4.845589038954521,3.8622549220993427
67ebfd4d8ea1101322300f73,task4,5,11.014,completed,-0.74,0.2556734399624093,277.91,309.0089912148483,-1.15,1.2,0.73,3.45,14.6,0.2941405321273932,0.29437907962991594,8.376470588235295,409.08079858125825,27.208356741573034,12.05651088024985,3.8093934251015065,1.6885104260947805,-1.15,0.135,255.975,356.675,24.589712078651683,6.3660463483146055,3.4429940090906435,0.8916092579930011
67ebfd4d8ea1101322300f73,task4,6,10.133,completed,1.26,0.5578643885084306,384.91,189.6435665391699,1.79,1.23,-0.39,4.82,7.01,0.2586850425054594,0.25875917531370257,8.376470588235295,409.08079858125825,39.982233146067415,26.306596691250782,5.5954526666737046,3.6832280388254537,1.79,0.6950000000000001,413.265,135.47499999999997,43.36731039325842,32.77334971910113,6.0683383369004185,4.587776401009225
67ebfd4d8ea1101322300f73,task4,7,6.232,completed,-0.41,0.26800704917766593,295.565,304.137215574822,-0.19,0.93,0.31,3.92,35.23,0.3494298998533345,0.3501052939369913,8.376470588235295,409.08079858125825,29.316046348314604,12.638113309185576,4.104244039308167,1.769951000753572,-0.19,0.345,307.335,273.725,30.721172752808986,16.26878511235955,4.300781156291673,2.278302729733307
67ebfd4d8ea1101322300f73,task4,8,6.489,completed,-1.07,0.4336086179789991,260.255,238.72459589829535,-1.96,1.97,0.42,4.64,28.76,0.16130417111537387,0.16136959962765704,8.376470588235295,409.08079858125825,25.100667134831458,20.44720414135519,3.5144923426693455,2.8632355470053965,-1.96,0.29000000000000004,212.64,295.45,19.41629213483146,13.675210674157304,2.718931867439291,1.915169090634149
67ebfd4d8ea1101322300f73,task4,9,13.062,completed,0.87,0.3238848885755806,364.045,282.0654690126456,0.53,0.51,0.8,4.18,26.23,0.6573970981250433,0.6587453751184813,8.376470588235295,409.08079858125825,37.49132724719101,15.273083053265621,5.247357432205711,2.1388967028879033,0.53,0.09999999999999998,345.855,370.5,35.31976825842697,4.71558988764045,4.943810478077118,0.660457317189719
67ebfd4d8ea1101322300f73,task4,10,9.818,completed,-0.11,0.4537179079638512,311.615,230.7814263542788,0.93,1.28,-0.46,3.34,34.3,0.2599312605090387,0.2673839359937317,8.376470588235295,409.08079858125825,31.232127808988764,21.395475786357164,4.372242983920224,2.995963491279659,0.93,0.73,367.255,121.65000000000003,37.87454353932584,34.423806179775276,5.300917014508985,4.818549765044108
67ee2686d7cfcbbd9d87dd04,task4,1,28.341,completed,-1.79,0.570233219404076,221.735,184.75787833539,-1.42,0.7,-0.5,3.69,7.15,0.4843849693364547,0.486255349584851,4.482352941176471,587.9158459393589,38.31358267716536,50.250867038036354,3.732558303315638,4.894257738662159,-1.42,0.75,241.53,113.75,42.72979002624672,66.09251968503936,4.162432063192427,6.434325400161446
67ee2686d7cfcbbd9d87dd04,task4,2,41.829,completed,0.48,0.23801329685502004,343.18000000000006,315.9847477422671,0.49,0.54,0.51,3.26,2.52,0.698665870358131,0.6986716777354267,4.482352941176471,587.9158459393589,65.40761154855645,20.97453134358871,6.367785224875134,2.0438719109050596,0.49,0.24500000000000002,343.715,313.225,65.526968503937,21.590223097112855,6.3793812988739145,2.103854960225031
67ee2686d7cfcbbd9d87dd04,task4,3,9.698,completed,-2.07,0.08953215042473876,206.755,374.63480058222825,-1.72,0.92,0.58,4.8,35.53,0.3307151897906977,0.3470401310147135,4.482352941176471,587.9158459393589,34.97158792650919,7.889873885854589,3.407177907620856,0.7689020347086599,-1.72,0.21,225.48000000000002,327.05,39.1490813648294,18.505905511811022,3.8138942004440115,1.8033580061904582
67ee2686d7cfcbbd9d87dd04,task4,4,146.435,completed,-0.76,0.1632798240226752,276.84000000000003,345.5044695110433,-0.64,0.85,0.56,3.23,1.83,0.4681532833324908,0.4740732419199474,4.482352941176471,587.9158459393589,50.60734908136484,14.388766644517903,4.928935178072852,1.4021980516267905,-0.64,0.21999999999999997,283.26,323.1,52.03963254593175,19.387139107611542,5.068253988664721,1.8892169906180067
67ee2686d7cfcbbd9d87dd04,task4,5,10.55,completed,-0.18,0.15957243765768123,307.87,346.968887125216,0.1,0.9,0.44,2.19,22.12,0.39135480393495686,0.4485494906478643,4.482352941176471,587.9158459393589,57.53005249343832,14.062059302773337,5.6021669721535705,1.370363202448113,0.1,0.28,322.85,299.4,60.87204724409449,24.674540682414705,5.927039824780864,2.404322979047626
67ee2686d7cfcbbd9d87dd04,task4,6,165.918,completed,-0.74,0.13709749916160968,277.91,355.8464878311642,-0.34,0.85,0.41,3.35,13.09,0.3663052337207614,0.4035010851537231,4.482352941176471,587.9158459393589,50.84606299212599,12.081492216144467,4.952156003524309,1.1773694496943532,-0.34,0.29500000000000004,299.31,293.47499999999997,55.62034120734908,25.996391076115493,5.416484533105243,2.5330851066325524
67ee2686d7cfcbbd9d87dd04,task4,7,166.334,completed,-1.17,0.14763075743906323,254.905,351.68585081157005,0.82,1.62,-0.06,3.59,30.61,0.15593207308849608,0.20302410264351112,4.482352941176471,587.9158459393589,45.71371391076116,13.009718322878072,4.452821711444473,1.2678201192433376,0.82,0.53,361.37,200.64999999999998,69.46574803149606,46.705380577427825,6.7619769614068,4.549316293389998
67ee2686d7cfcbbd9d87dd04,task4,8,53.856,completed,0.97,0.804840455514101,369.395,92.0880200719301,1.06,0.55,-0.72,4.11,10.07,0.6128794195739895,0.6128849001415582,4.482352941176471,587.9158459393589,71.25610236220471,70.92524486584237,6.935834712420056,6.903708182609391,1.06,0.86,374.21,70.30000000000001,72.33031496062992,75.78608923884514,7.04013407090883,7.375588178793867
67ee2686d7cfcbbd9d87dd04,task4,9,11.456,completed,-0.26,0.2001523512585467,303.59000000000003,330.9398212528741,-0.28,1.24,0.61,4.83,48.23,0.25761756292374716,0.25761756292808335,4.482352941176471,587.9158459393589,56.57519685039371,17.638097620749875,5.509329371806726,1.7188051147637524,-0.28,0.195,302.52,332.975,56.33648293963254,17.18405511811023,5.486118835998929,1.6745657627869515
67ee2686d7cfcbbd9d87dd04,task4,10,13.663,completed,1.34,0.28728551502114685,389.19,296.522221566647,1.74,0.66,0.03,3.6,43.57,0.4834887299313142,0.49730983398029127,4.482352941176471,587.9158459393589,75.67230971128609,25.3165647423491,7.3645455143715335,2.4668636519051623,1.74,0.485,410.59000000000003,218.425,80.4465879265092,42.739829396325455,7.82778417628899,4.163409166863726
