participantId,trialId,trialOrder,responseId,answer,duration,cleanedDuration,parameters_taskid,parameters_itemWidthMM,parameters_itemHeightMM,parameters_blindspotAngle,parameters_taskType,parameters_training,parameters_x,parameters_y,parameters_taskIndex
"acd0f51a-3b40-449f-93f8-9a136a166178","participantTags","","participantTags","[""virtual-chinrest""]","","","","","","","","","","",""
"acd0f51a-3b40-449f-93f8-9a136a166178","introduction","0","prolificId","sheng-testing","5722","5722","","","","","","","","",""
"acd0f51a-3b40-449f-93f8-9a136a166178","introduction","0","windowEvents","{""focus"":1,""input"":10,""keydown"":10,""keyup"":9,""mousemove"":11,""mousedown"":1,""mouseup"":1,""resize"":0,""scroll"":0,""visibility"":0}","","","","","","","","","","",""
"acd0f51a-3b40-449f-93f8-9a136a166178","consent","1","consentApproval","Accept","19419","19419","","","","","","","","",""
"acd0f51a-3b40-449f-93f8-9a136a166178","consent","1","windowEvents","{""focus"":3,""input"":1,""keydown"":0,""keyup"":0,""mousemove"":41,""mousedown"":3,""mouseup"":2,""resize"":0,""scroll"":31,""visibility"":0}","","","","","","","","","","",""
"acd0f51a-3b40-449f-93f8-9a136a166178","chinrest_intro","2","","","4392","4392","","","","","","","","",""
"acd0f51a-3b40-449f-93f8-9a136a166178","chinrest_intro","2","windowEvents","{""focus"":0,""input"":0,""keydown"":0,""keyup"":0,""mousemove"":11,""mousedown"":0,""mouseup"":1,""resize"":0,""scroll"":1,""visibility"":0}","","","","","","","","","","",""
"acd0f51a-3b40-449f-93f8-9a136a166178","$virtual-chinrest.components.card-size","3","pixelsPerMM","5","13115","13115","pixelsPerMM","85.6","53.98","","","","","",""
"acd0f51a-3b40-449f-93f8-9a136a166178","$virtual-chinrest.components.card-size","3","windowEvents","{""focus"":5,""input"":0,""keydown"":0,""keyup"":0,""mousemove"":101,""mousedown"":5,""mouseup"":5,""resize"":0,""scroll"":0,""visibility"":0}","","","","","","","","","","",""
"acd0f51a-3b40-449f-93f8-9a136a166178","$virtual-chinrest.components.blindspot-distance","4","dist-calibration-MM","125.29221708431973","7418","7418","","","","13.5","","","","",""
"acd0f51a-3b40-449f-93f8-9a136a166178","$virtual-chinrest.components.blindspot-distance","4","dist-calibration-CM","12.529221708431972","7418","7418","","","","13.5","","","","",""
"acd0f51a-3b40-449f-93f8-9a136a166178","$virtual-chinrest.components.blindspot-distance","4","ball-positions","[950.5,948.5,946.5,948.5,946.5]","7418","7418","","","","13.5","","","","",""
"acd0f51a-3b40-449f-93f8-9a136a166178","$virtual-chinrest.components.blindspot-distance","4","square-position","1098.5","7418","7418","","","","13.5","","","","",""
"acd0f51a-3b40-449f-93f8-9a136a166178","$virtual-chinrest.components.blindspot-distance","4","windowEvents","{""focus"":1,""input"":0,""keydown"":10,""keyup"":10,""mousemove"":14,""mousedown"":1,""mouseup"":1,""resize"":0,""scroll"":0,""visibility"":0}","","","","","","","","","","",""
"acd0f51a-3b40-449f-93f8-9a136a166178","study_overview","5","","","13337","13337","","","","","","","","",""
"acd0f51a-3b40-449f-93f8-9a136a166178","study_overview","5","windowEvents","{""focus"":1,""input"":0,""keydown"":0,""keyup"":0,""mousemove"":6,""mousedown"":1,""mouseup"":1,""resize"":0,""scroll"":0,""visibility"":0}","","","","","","","","","","",""
"acd0f51a-3b40-449f-93f8-9a136a166178","task1_intro","6","","","20189","20189","","","","","","","","",""
"acd0f51a-3b40-449f-93f8-9a136a166178","task1_intro","6","windowEvents","{""focus"":2,""input"":0,""keydown"":0,""keyup"":0,""mousemove"":45,""mousedown"":2,""mouseup"":2,""resize"":0,""scroll"":0,""visibility"":0}","","","","","","","","","","",""
"acd0f51a-3b40-449f-93f8-9a136a166178","block5_train_1","7","location-x","0.2","16428","16428","","","","","Block5","true","0.2","0.75",""
"acd0f51a-3b40-449f-93f8-9a136a166178","block5_train_1","7","location-y","0.75","16428","16428","","","","","Block5","true","0.2","0.75",""
"acd0f51a-3b40-449f-93f8-9a136a166178","block5_train_1","7","slider-x","0.2","16428","16428","","","","","Block5","true","0.2","0.75",""
"acd0f51a-3b40-449f-93f8-9a136a166178","block5_train_1","7","slider-y","0.75","16428","16428","","","","","Block5","true","0.2","0.75",""
"acd0f51a-3b40-449f-93f8-9a136a166178","block5_train_1","7","windowEvents","{""focus"":5,""input"":0,""keydown"":3,""keyup"":3,""mousemove"":72,""mousedown"":7,""mouseup"":7,""resize"":0,""scroll"":2,""visibility"":0}","","","","","","","","","","",""
"acd0f51a-3b40-449f-93f8-9a136a166178","block5_train_2","8","location-x","-1.5","9423","9423","","","","","Block5","true","-1.5","0.4",""
"acd0f51a-3b40-449f-93f8-9a136a166178","block5_train_2","8","location-y","0.4","9423","9423","","","","","Block5","true","-1.5","0.4",""
"acd0f51a-3b40-449f-93f8-9a136a166178","block5_train_2","8","slider-x","-1.5","9423","9423","","","","","Block5","true","-1.5","0.4",""
"acd0f51a-3b40-449f-93f8-9a136a166178","block5_train_2","8","slider-y","0.4","9423","9423","","","","","Block5","true","-1.5","0.4",""
"acd0f51a-3b40-449f-93f8-9a136a166178","block5_train_2","8","windowEvents","{""focus"":4,""input"":0,""keydown"":0,""keyup"":0,""mousemove"":67,""mousedown"":4,""mouseup"":4,""resize"":0,""scroll"":3,""visibility"":0}","","","","","","","","","","",""
"acd0f51a-3b40-449f-93f8-9a136a166178","task1_test_intro","9","","","5649","5649","","","","","","","","",""
"acd0f51a-3b40-449f-93f8-9a136a166178","task1_test_intro","9","windowEvents","{""focus"":1,""input"":0,""keydown"":0,""keyup"":0,""mousemove"":11,""mousedown"":1,""mouseup"":1,""resize"":0,""scroll"":1,""visibility"":0}","","","","","","","","","","",""
"acd0f51a-3b40-449f-93f8-9a136a166178","block5_test_5","10","location-x","-0.61","9684","9684","","","","","Block5","false","","",""
"acd0f51a-3b40-449f-93f8-9a136a166178","block5_test_5","10","location-y","0.04","9684","9684","","","","","Block5","false","","",""
"acd0f51a-3b40-449f-93f8-9a136a166178","block5_test_5","10","slider-x","-0.6","9684","9684","","","","","Block5","false","","",""
"acd0f51a-3b40-449f-93f8-9a136a166178","block5_test_5","10","slider-y","0.05","9684","9684","","","","","Block5","false","","",""
"acd0f51a-3b40-449f-93f8-9a136a166178","block5_test_5","10","windowEvents","{""focus"":3,""input"":0,""keydown"":0,""keyup"":0,""mousemove"":64,""mousedown"":3,""mouseup"":3,""resize"":0,""scroll"":0,""visibility"":0}","","","","","","","","","","",""
"acd0f51a-3b40-449f-93f8-9a136a166178","block5_test_1","11","location-x","3.28","8357","8357","","","","","Block5","false","","",""
"acd0f51a-3b40-449f-93f8-9a136a166178","block5_test_1","11","location-y","0.83","8357","8357","","","","","Block5","false","","",""
"acd0f51a-3b40-449f-93f8-9a136a166178","block5_test_1","11","slider-x","3.39","8357","8357","","","","","Block5","false","","",""
"acd0f51a-3b40-449f-93f8-9a136a166178","block5_test_1","11","slider-y","0.83","8357","8357","","","","","Block5","false","","",""
"acd0f51a-3b40-449f-93f8-9a136a166178","block5_test_1","11","windowEvents","{""focus"":3,""input"":0,""keydown"":0,""keyup"":0,""mousemove"":59,""mousedown"":4,""mouseup"":4,""resize"":0,""scroll"":0,""visibility"":0}","","","","","","","","","","",""
"acd0f51a-3b40-449f-93f8-9a136a166178","block5_test_8","12","location-x","3.24","9663","9663","","","","","Block5","false","","",""
"acd0f51a-3b40-449f-93f8-9a136a166178","block5_test_8","12","location-y","0.43","9663","9663","","","","","Block5","false","","",""
"acd0f51a-3b40-449f-93f8-9a136a166178","block5_test_8","12","slider-x","3.28","9663","9663","","","","","Block5","false","","",""
"acd0f51a-3b40-449f-93f8-9a136a166178","block5_test_8","12","slider-y","0.42","9663","9663","","","","","Block5","false","","",""
"acd0f51a-3b40-449f-93f8-9a136a166178","block5_test_8","12","windowEvents","{""focus"":3,""input"":0,""keydown"":0,""keyup"":0,""mousemove"":68,""mousedown"":3,""mouseup"":3,""resize"":0,""scroll"":0,""visibility"":0}","","","","","","","","","","",""
"acd0f51a-3b40-449f-93f8-9a136a166178","block5_test_4","13","location-x","0.6","7404","7404","","","","","Block5","false","","",""
"acd0f51a-3b40-449f-93f8-9a136a166178","block5_test_4","13","location-y","0.77","7404","7404","","","","","Block5","false","","",""
"acd0f51a-3b40-449f-93f8-9a136a166178","block5_test_4","13","slider-x","0.62","7404","7404","","","","","Block5","false","","",""
"acd0f51a-3b40-449f-93f8-9a136a166178","block5_test_4","13","slider-y","0.76","7404","7404","","","","","Block5","false","","",""
"acd0f51a-3b40-449f-93f8-9a136a166178","block5_test_4","13","windowEvents","{""focus"":3,""input"":0,""keydown"":0,""keyup"":0,""mousemove"":58,""mousedown"":3,""mouseup"":3,""resize"":0,""scroll"":0,""visibility"":0}","","","","","","","","","","",""
"acd0f51a-3b40-449f-93f8-9a136a166178","block5_test_2","14","location-x","2.85","7645","7645","","","","","Block5","false","","",""
"acd0f51a-3b40-449f-93f8-9a136a166178","block5_test_2","14","location-y","0.43","7645","7645","","","","","Block5","false","","",""
"acd0f51a-3b40-449f-93f8-9a136a166178","block5_test_2","14","slider-x","2.87","7645","7645","","","","","Block5","false","","",""
"acd0f51a-3b40-449f-93f8-9a136a166178","block5_test_2","14","slider-y","0.45","7645","7645","","","","","Block5","false","","",""
"acd0f51a-3b40-449f-93f8-9a136a166178","block5_test_2","14","windowEvents","{""focus"":3,""input"":0,""keydown"":0,""keyup"":0,""mousemove"":59,""mousedown"":3,""mouseup"":3,""resize"":0,""scroll"":0,""visibility"":0}","","","","","","","","","","",""
"acd0f51a-3b40-449f-93f8-9a136a166178","block5_test_7","15","location-x","0.41","8715","8715","","","","","Block5","false","","",""
"acd0f51a-3b40-449f-93f8-9a136a166178","block5_test_7","15","location-y","0.34","8715","8715","","","","","Block5","false","","",""
"acd0f51a-3b40-449f-93f8-9a136a166178","block5_test_7","15","slider-x","0.42","8715","8715","","","","","Block5","false","","",""
"acd0f51a-3b40-449f-93f8-9a136a166178","block5_test_7","15","slider-y","0.34","8715","8715","","","","","Block5","false","","",""
"acd0f51a-3b40-449f-93f8-9a136a166178","block5_test_7","15","windowEvents","{""focus"":3,""input"":0,""keydown"":0,""keyup"":0,""mousemove"":64,""mousedown"":3,""mouseup"":3,""resize"":0,""scroll"":0,""visibility"":0}","","","","","","","","","","",""
"acd0f51a-3b40-449f-93f8-9a136a166178","block5_test_3","16","location-x","-0.04","7182","7182","","","","","Block5","false","","",""
"acd0f51a-3b40-449f-93f8-9a136a166178","block5_test_3","16","location-y","0.41","7182","7182","","","","","Block5","false","","",""
"acd0f51a-3b40-449f-93f8-9a136a166178","block5_test_3","16","slider-x","-0.06","7182","7182","","","","","Block5","false","","",""
"acd0f51a-3b40-449f-93f8-9a136a166178","block5_test_3","16","slider-y","0.41","7182","7182","","","","","Block5","false","","",""
"acd0f51a-3b40-449f-93f8-9a136a166178","block5_test_3","16","windowEvents","{""focus"":3,""input"":0,""keydown"":0,""keyup"":0,""mousemove"":56,""mousedown"":3,""mouseup"":3,""resize"":0,""scroll"":0,""visibility"":0}","","","","","","","","","","",""
"acd0f51a-3b40-449f-93f8-9a136a166178","block5_test_9","17","location-x","-4.69","7778","7778","","","","","Block5","false","","",""
"acd0f51a-3b40-449f-93f8-9a136a166178","block5_test_9","17","location-y","0.2","7778","7778","","","","","Block5","false","","",""
"acd0f51a-3b40-449f-93f8-9a136a166178","block5_test_9","17","slider-x","-4.72","7778","7778","","","","","Block5","false","","",""
"acd0f51a-3b40-449f-93f8-9a136a166178","block5_test_9","17","slider-y","0.2","7778","7778","","","","","Block5","false","","",""
"acd0f51a-3b40-449f-93f8-9a136a166178","block5_test_9","17","windowEvents","{""focus"":3,""input"":0,""keydown"":0,""keyup"":0,""mousemove"":51,""mousedown"":3,""mouseup"":3,""resize"":0,""scroll"":0,""visibility"":0}","","","","","","","","","","",""
"acd0f51a-3b40-449f-93f8-9a136a166178","block5_test_6","18","location-x","2.38","7136","7136","","","","","Block5","false","","",""
"acd0f51a-3b40-449f-93f8-9a136a166178","block5_test_6","18","location-y","0.06","7136","7136","","","","","Block5","false","","",""
"acd0f51a-3b40-449f-93f8-9a136a166178","block5_test_6","18","slider-x","2.39","7136","7136","","","","","Block5","false","","",""
"acd0f51a-3b40-449f-93f8-9a136a166178","block5_test_6","18","slider-y","0.05","7136","7136","","","","","Block5","false","","",""
"acd0f51a-3b40-449f-93f8-9a136a166178","block5_test_6","18","windowEvents","{""focus"":3,""input"":0,""keydown"":0,""keyup"":0,""mousemove"":55,""mousedown"":3,""mouseup"":3,""resize"":0,""scroll"":0,""visibility"":0}","","","","","","","","","","",""
"acd0f51a-3b40-449f-93f8-9a136a166178","block5_test_10","19","location-x","-0.32","7350","7350","","","","","Block5","false","","",""
"acd0f51a-3b40-449f-93f8-9a136a166178","block5_test_10","19","location-y","0.96","7350","7350","","","","","Block5","false","","",""
"acd0f51a-3b40-449f-93f8-9a136a166178","block5_test_10","19","slider-x","-0.39","7350","7350","","","","","Block5","false","","",""
"acd0f51a-3b40-449f-93f8-9a136a166178","block5_test_10","19","slider-y","0.95","7350","7350","","","","","Block5","false","","",""
"acd0f51a-3b40-449f-93f8-9a136a166178","block5_test_10","19","windowEvents","{""focus"":3,""input"":0,""keydown"":0,""keyup"":0,""mousemove"":56,""mousedown"":3,""mouseup"":3,""resize"":0,""scroll"":0,""visibility"":0}","","","","","","","","","","",""
"acd0f51a-3b40-449f-93f8-9a136a166178","task2_intro","20","","","5414","5414","","","","","","","","",""
"acd0f51a-3b40-449f-93f8-9a136a166178","task2_intro","20","windowEvents","{""focus"":1,""input"":0,""keydown"":0,""keyup"":0,""mousemove"":19,""mousedown"":1,""mouseup"":1,""resize"":0,""scroll"":0,""visibility"":0}","","","","","","","","","","",""
"acd0f51a-3b40-449f-93f8-9a136a166178","moritz_train_point_1","21","pixelResponse","94","5992","5992","","","","","pointArc","true","","","8"
"acd0f51a-3b40-449f-93f8-9a136a166178","moritz_train_point_1","21","numericResponse","0.53","5992","5992","","","","","pointArc","true","","","8"
"acd0f51a-3b40-449f-93f8-9a136a166178","moritz_train_point_1","21","windowEvents","{""focus"":3,""input"":0,""keydown"":0,""keyup"":0,""mousemove"":35,""mousedown"":3,""mouseup"":3,""resize"":0,""scroll"":0,""visibility"":0}","","","","","","","","","","",""
"acd0f51a-3b40-449f-93f8-9a136a166178","moritz_train_point_2","22","pixelResponse","98","8786","8786","","","","","pointArc","true","","","9"
"acd0f51a-3b40-449f-93f8-9a136a166178","moritz_train_point_2","22","numericResponse","0.51","8786","8786","","","","","pointArc","true","","","9"
"acd0f51a-3b40-449f-93f8-9a136a166178","moritz_train_point_2","22","windowEvents","{""focus"":3,""input"":0,""keydown"":0,""keyup"":0,""mousemove"":45,""mousedown"":3,""mouseup"":3,""resize"":0,""scroll"":0,""visibility"":0}","","","","","","","","","","",""
"acd0f51a-3b40-449f-93f8-9a136a166178","task2_test_intro","23","","","4031","4031","","","","","","","","",""
"acd0f51a-3b40-449f-93f8-9a136a166178","task2_test_intro","23","windowEvents","{""focus"":1,""input"":0,""keydown"":0,""keyup"":0,""mousemove"":14,""mousedown"":1,""mouseup"":1,""resize"":0,""scroll"":0,""visibility"":0}","","","","","","","","","","",""
"acd0f51a-3b40-449f-93f8-9a136a166178","point_task_46","24","pixelResponse","56.00000000000001","3974","3974","","","","","point","","","","139"
"acd0f51a-3b40-449f-93f8-9a136a166178","point_task_46","24","numericResponse","0.72","3974","3974","","","","","point","","","","139"
"acd0f51a-3b40-449f-93f8-9a136a166178","point_task_46","24","windowEvents","{""focus"":2,""input"":0,""keydown"":0,""keyup"":0,""mousemove"":24,""mousedown"":2,""mouseup"":2,""resize"":0,""scroll"":0,""visibility"":0}","","","","","","","","","","",""
"acd0f51a-3b40-449f-93f8-9a136a166178","point_task_21","25","pixelResponse","87.99999999999999","3199","3199","","","","","point","","","","66"
"acd0f51a-3b40-449f-93f8-9a136a166178","point_task_21","25","numericResponse","0.56","3199","3199","","","","","point","","","","66"
"acd0f51a-3b40-449f-93f8-9a136a166178","point_task_21","25","windowEvents","{""focus"":2,""input"":0,""keydown"":0,""keyup"":0,""mousemove"":26,""mousedown"":2,""mouseup"":2,""resize"":0,""scroll"":0,""visibility"":0}","","","","","","","","","","",""
"acd0f51a-3b40-449f-93f8-9a136a166178","point_task_2","26","pixelResponse","116.00000000000001","3230","3230","","","","","point","","","","7"
"acd0f51a-3b40-449f-93f8-9a136a166178","point_task_2","26","numericResponse","0.42","3230","3230","","","","","point","","","","7"
"acd0f51a-3b40-449f-93f8-9a136a166178","point_task_2","26","windowEvents","{""focus"":2,""input"":0,""keydown"":0,""keyup"":0,""mousemove"":22,""mousedown"":2,""mouseup"":2,""resize"":0,""scroll"":0,""visibility"":0}","","","","","","","","","","",""
"acd0f51a-3b40-449f-93f8-9a136a166178","point_task_4","27","pixelResponse","87.99999999999999","5738","5738","","","","","point","","","","17"
"acd0f51a-3b40-449f-93f8-9a136a166178","point_task_4","27","numericResponse","0.56","5738","5738","","","","","point","","","","17"
"acd0f51a-3b40-449f-93f8-9a136a166178","point_task_4","27","windowEvents","{""focus"":2,""input"":0,""keydown"":0,""keyup"":0,""mousemove"":39,""mousedown"":2,""mouseup"":2,""resize"":0,""scroll"":0,""visibility"":0}","","","","","","","","","","",""
"acd0f51a-3b40-449f-93f8-9a136a166178","point_task_29","28","pixelResponse","95.99999999999999","3339","3339","","","","","point","","","","90"
"acd0f51a-3b40-449f-93f8-9a136a166178","point_task_29","28","numericResponse","0.52","3339","3339","","","","","point","","","","90"
"acd0f51a-3b40-449f-93f8-9a136a166178","point_task_29","28","windowEvents","{""focus"":2,""input"":0,""keydown"":0,""keyup"":0,""mousemove"":26,""mousedown"":2,""mouseup"":2,""resize"":0,""scroll"":0,""visibility"":0}","","","","","","","","","","",""
"acd0f51a-3b40-449f-93f8-9a136a166178","point_task_25","29","pixelResponse","140","6838","6838","","","","","point","","","","78"
"acd0f51a-3b40-449f-93f8-9a136a166178","point_task_25","29","numericResponse","0.3","6838","6838","","","","","point","","","","78"
"acd0f51a-3b40-449f-93f8-9a136a166178","point_task_25","29","windowEvents","{""focus"":2,""input"":0,""keydown"":0,""keyup"":0,""mousemove"":32,""mousedown"":2,""mouseup"":2,""resize"":0,""scroll"":0,""visibility"":0}","","","","","","","","","","",""
"acd0f51a-3b40-449f-93f8-9a136a166178","point_task_7","30","pixelResponse","110.00000000000001","6047","6047","","","","","point","","","","28"
"acd0f51a-3b40-449f-93f8-9a136a166178","point_task_7","30","numericResponse","0.45","6047","6047","","","","","point","","","","28"
"acd0f51a-3b40-449f-93f8-9a136a166178","point_task_7","30","windowEvents","{""focus"":2,""input"":0,""keydown"":0,""keyup"":0,""mousemove"":39,""mousedown"":2,""mouseup"":2,""resize"":0,""scroll"":0,""visibility"":0}","","","","","","","","","","",""
"acd0f51a-3b40-449f-93f8-9a136a166178","point_task_18","31","pixelResponse","118.00000000000001","7551","7551","","","","","point","","","","55"
"acd0f51a-3b40-449f-93f8-9a136a166178","point_task_18","31","numericResponse","0.41","7551","7551","","","","","point","","","","55"
"acd0f51a-3b40-449f-93f8-9a136a166178","point_task_18","31","windowEvents","{""focus"":2,""input"":0,""keydown"":0,""keyup"":0,""mousemove"":46,""mousedown"":2,""mouseup"":2,""resize"":0,""scroll"":0,""visibility"":0}","","","","","","","","","","",""
"acd0f51a-3b40-449f-93f8-9a136a166178","point_task_38","32","pixelResponse","128","6912","6912","","","","","point","","","","115"
"acd0f51a-3b40-449f-93f8-9a136a166178","point_task_38","32","numericResponse","0.36","6912","6912","","","","","point","","","","115"
"acd0f51a-3b40-449f-93f8-9a136a166178","point_task_38","32","windowEvents","{""focus"":2,""input"":0,""keydown"":0,""keyup"":0,""mousemove"":53,""mousedown"":5,""mouseup"":5,""resize"":0,""scroll"":0,""visibility"":0}","","","","","","","","","","",""
"acd0f51a-3b40-449f-93f8-9a136a166178","point_task_42","33","pixelResponse","141.99999999999997","3158","3158","","","","","point","","","","127"
"acd0f51a-3b40-449f-93f8-9a136a166178","point_task_42","33","numericResponse","0.29","3158","3158","","","","","point","","","","127"
"acd0f51a-3b40-449f-93f8-9a136a166178","point_task_42","33","windowEvents","{""focus"":2,""input"":0,""keydown"":0,""keyup"":0,""mousemove"":24,""mousedown"":2,""mouseup"":2,""resize"":0,""scroll"":0,""visibility"":0}","","","","","","","","","","",""
"acd0f51a-3b40-449f-93f8-9a136a166178","point_task_9","34","pixelResponse","102","3544","3544","","","","","point","","","","30"
"acd0f51a-3b40-449f-93f8-9a136a166178","point_task_9","34","numericResponse","0.49","3544","3544","","","","","point","","","","30"
"acd0f51a-3b40-449f-93f8-9a136a166178","point_task_9","34","windowEvents","{""focus"":2,""input"":0,""keydown"":0,""keyup"":0,""mousemove"":32,""mousedown"":2,""mouseup"":2,""resize"":0,""scroll"":0,""visibility"":0}","","","","","","","","","","",""
"acd0f51a-3b40-449f-93f8-9a136a166178","point_task_11","35","pixelResponse","112.00000000000001","3145","3145","","","","","point","","","","40"
"acd0f51a-3b40-449f-93f8-9a136a166178","point_task_11","35","numericResponse","0.44","3145","3145","","","","","point","","","","40"
"acd0f51a-3b40-449f-93f8-9a136a166178","point_task_11","35","windowEvents","{""focus"":2,""input"":0,""keydown"":0,""keyup"":0,""mousemove"":26,""mousedown"":2,""mouseup"":2,""resize"":0,""scroll"":0,""visibility"":0}","","","","","","","","","","",""
"acd0f51a-3b40-449f-93f8-9a136a166178","point_task_41","36","pixelResponse","72","3726","3726","","","","","point","","","","126"
"acd0f51a-3b40-449f-93f8-9a136a166178","point_task_41","36","numericResponse","0.64","3726","3726","","","","","point","","","","126"
"acd0f51a-3b40-449f-93f8-9a136a166178","point_task_41","36","windowEvents","{""focus"":2,""input"":0,""keydown"":0,""keyup"":0,""mousemove"":30,""mousedown"":2,""mouseup"":2,""resize"":0,""scroll"":0,""visibility"":0}","","","","","","","","","","",""
"acd0f51a-3b40-449f-93f8-9a136a166178","point_task_44","37","pixelResponse","76","3867","3867","","","","","point","","","","137"
"acd0f51a-3b40-449f-93f8-9a136a166178","point_task_44","37","numericResponse","0.62","3867","3867","","","","","point","","","","137"
"acd0f51a-3b40-449f-93f8-9a136a166178","point_task_44","37","windowEvents","{""focus"":2,""input"":0,""keydown"":0,""keyup"":0,""mousemove"":34,""mousedown"":2,""mouseup"":2,""resize"":0,""scroll"":0,""visibility"":0}","","","","","","","","","","",""
"acd0f51a-3b40-449f-93f8-9a136a166178","point_task_39","38","pixelResponse","87.99999999999999","4331","4331","","","","","point","","","","124"
"acd0f51a-3b40-449f-93f8-9a136a166178","point_task_39","38","numericResponse","0.56","4331","4331","","","","","point","","","","124"
"acd0f51a-3b40-449f-93f8-9a136a166178","point_task_39","38","windowEvents","{""focus"":2,""input"":0,""keydown"":0,""keyup"":0,""mousemove"":37,""mousedown"":2,""mouseup"":2,""resize"":0,""scroll"":0,""visibility"":0}","","","","","","","","","","",""
"acd0f51a-3b40-449f-93f8-9a136a166178","point_task_23","39","pixelResponse","148","7403","7403","","","","","point","","","","76"
"acd0f51a-3b40-449f-93f8-9a136a166178","point_task_23","39","numericResponse","0.26","7403","7403","","","","","point","","","","76"
"acd0f51a-3b40-449f-93f8-9a136a166178","point_task_23","39","windowEvents","{""focus"":2,""input"":0,""keydown"":0,""keyup"":0,""mousemove"":55,""mousedown"":3,""mouseup"":3,""resize"":0,""scroll"":0,""visibility"":0}","","","","","","","","","","",""
"acd0f51a-3b40-449f-93f8-9a136a166178","point_task_33","40","pixelResponse","114.00000000000001","6490","6490","","","","","point","","","","102"
"acd0f51a-3b40-449f-93f8-9a136a166178","point_task_33","40","numericResponse","0.43","6490","6490","","","","","point","","","","102"
"acd0f51a-3b40-449f-93f8-9a136a166178","point_task_33","40","windowEvents","{""focus"":2,""input"":0,""keydown"":0,""keyup"":0,""mousemove"":53,""mousedown"":3,""mouseup"":3,""resize"":0,""scroll"":0,""visibility"":0}","","","","","","","","","","",""
"acd0f51a-3b40-449f-93f8-9a136a166178","point_task_32","41","pixelResponse","65.99999999999999","10226","10226","","","","","point","","","","101"
"acd0f51a-3b40-449f-93f8-9a136a166178","point_task_32","41","numericResponse","0.67","10226","10226","","","","","point","","","","101"
"acd0f51a-3b40-449f-93f8-9a136a166178","point_task_32","41","windowEvents","{""focus"":2,""input"":0,""keydown"":0,""keyup"":0,""mousemove"":52,""mousedown"":2,""mouseup"":2,""resize"":0,""scroll"":0,""visibility"":0}","","","","","","","","","","",""
"acd0f51a-3b40-449f-93f8-9a136a166178","point_task_26","42","pixelResponse","95.99999999999999","4958","4958","","","","","point","","","","79"
"acd0f51a-3b40-449f-93f8-9a136a166178","point_task_26","42","numericResponse","0.52","4958","4958","","","","","point","","","","79"
"acd0f51a-3b40-449f-93f8-9a136a166178","point_task_26","42","windowEvents","{""focus"":2,""input"":0,""keydown"":0,""keyup"":0,""mousemove"":32,""mousedown"":2,""mouseup"":2,""resize"":0,""scroll"":0,""visibility"":0}","","","","","","","","","","",""
"acd0f51a-3b40-449f-93f8-9a136a166178","point_task_31","43","pixelResponse","134","8473","8473","","","","","point","","","","100"
"acd0f51a-3b40-449f-93f8-9a136a166178","point_task_31","43","numericResponse","0.33","8473","8473","","","","","point","","","","100"
"acd0f51a-3b40-449f-93f8-9a136a166178","point_task_31","43","windowEvents","{""focus"":2,""input"":0,""keydown"":0,""keyup"":0,""mousemove"":41,""mousedown"":2,""mouseup"":2,""resize"":0,""scroll"":0,""visibility"":0}","","","","","","","","","","",""
"acd0f51a-3b40-449f-93f8-9a136a166178","attention_check","44","attention_check","stock","6220","6220","","","","","","","","",""
"acd0f51a-3b40-449f-93f8-9a136a166178","attention_check","44","windowEvents","{""focus"":2,""input"":4,""keydown"":4,""keyup"":4,""mousemove"":21,""mousedown"":2,""mouseup"":2,""resize"":0,""scroll"":0,""visibility"":0}","","","","","","","","","","",""
"acd0f51a-3b40-449f-93f8-9a136a166178","point_task_27","45","pixelResponse","108","9171","9171","","","","","point","","","","88"
"acd0f51a-3b40-449f-93f8-9a136a166178","point_task_27","45","numericResponse","0.46","9171","9171","","","","","point","","","","88"
"acd0f51a-3b40-449f-93f8-9a136a166178","point_task_27","45","windowEvents","{""focus"":2,""input"":0,""keydown"":0,""keyup"":0,""mousemove"":28,""mousedown"":2,""mouseup"":2,""resize"":0,""scroll"":0,""visibility"":0}","","","","","","","","","","",""
"acd0f51a-3b40-449f-93f8-9a136a166178","point_task_15","46","pixelResponse","100","3039","3039","","","","","point","","","","52"
"acd0f51a-3b40-449f-93f8-9a136a166178","point_task_15","46","numericResponse","0.5","3039","3039","","","","","point","","","","52"
"acd0f51a-3b40-449f-93f8-9a136a166178","point_task_15","46","windowEvents","{""focus"":2,""input"":0,""keydown"":0,""keyup"":0,""mousemove"":23,""mousedown"":2,""mouseup"":2,""resize"":0,""scroll"":0,""visibility"":0}","","","","","","","","","","",""
"acd0f51a-3b40-449f-93f8-9a136a166178","point_task_34","47","pixelResponse","65.99999999999999","4642","4642","","","","","point","","","","103"
"acd0f51a-3b40-449f-93f8-9a136a166178","point_task_34","47","numericResponse","0.67","4642","4642","","","","","point","","","","103"
"acd0f51a-3b40-449f-93f8-9a136a166178","point_task_34","47","windowEvents","{""focus"":2,""input"":0,""keydown"":0,""keyup"":0,""mousemove"":32,""mousedown"":3,""mouseup"":3,""resize"":0,""scroll"":0,""visibility"":0}","","","","","","","","","","",""
"acd0f51a-3b40-449f-93f8-9a136a166178","point_task_6","48","pixelResponse","110.00000000000001","3487","3487","","","","","point","","","","19"
"acd0f51a-3b40-449f-93f8-9a136a166178","point_task_6","48","numericResponse","0.45","3487","3487","","","","","point","","","","19"
"acd0f51a-3b40-449f-93f8-9a136a166178","point_task_6","48","windowEvents","{""focus"":2,""input"":0,""keydown"":0,""keyup"":0,""mousemove"":27,""mousedown"":2,""mouseup"":2,""resize"":0,""scroll"":0,""visibility"":0}","","","","","","","","","","",""
"acd0f51a-3b40-449f-93f8-9a136a166178","point_task_12","49","pixelResponse","94","2771","2771","","","","","point","","","","41"
"acd0f51a-3b40-449f-93f8-9a136a166178","point_task_12","49","numericResponse","0.53","2771","2771","","","","","point","","","","41"
"acd0f51a-3b40-449f-93f8-9a136a166178","point_task_12","49","windowEvents","{""focus"":2,""input"":0,""keydown"":0,""keyup"":0,""mousemove"":19,""mousedown"":2,""mouseup"":2,""resize"":0,""scroll"":0,""visibility"":0}","","","","","","","","","","",""
"acd0f51a-3b40-449f-93f8-9a136a166178","point_task_28","50","pixelResponse","92","3403","3403","","","","","point","","","","89"
"acd0f51a-3b40-449f-93f8-9a136a166178","point_task_28","50","numericResponse","0.54","3403","3403","","","","","point","","","","89"
"acd0f51a-3b40-449f-93f8-9a136a166178","point_task_28","50","windowEvents","{""focus"":2,""input"":0,""keydown"":0,""keyup"":0,""mousemove"":26,""mousedown"":2,""mouseup"":2,""resize"":0,""scroll"":0,""visibility"":0}","","","","","","","","","","",""
"acd0f51a-3b40-449f-93f8-9a136a166178","point_task_1","51","pixelResponse","95.99999999999999","3524","3524","","","","","point","","","","6"
"acd0f51a-3b40-449f-93f8-9a136a166178","point_task_1","51","numericResponse","0.52","3524","3524","","","","","point","","","","6"
"acd0f51a-3b40-449f-93f8-9a136a166178","point_task_1","51","windowEvents","{""focus"":2,""input"":0,""keydown"":0,""keyup"":0,""mousemove"":29,""mousedown"":2,""mouseup"":2,""resize"":0,""scroll"":0,""visibility"":0}","","","","","","","","","","",""
"acd0f51a-3b40-449f-93f8-9a136a166178","point_task_35","52","pixelResponse","122","3676","3676","","","","","point","","","","112"
"acd0f51a-3b40-449f-93f8-9a136a166178","point_task_35","52","numericResponse","0.39","3676","3676","","","","","point","","","","112"
"acd0f51a-3b40-449f-93f8-9a136a166178","point_task_35","52","windowEvents","{""focus"":2,""input"":0,""keydown"":0,""keyup"":0,""mousemove"":23,""mousedown"":2,""mouseup"":2,""resize"":0,""scroll"":0,""visibility"":0}","","","","","","","","","","",""
"acd0f51a-3b40-449f-93f8-9a136a166178","point_task_17","53","pixelResponse","98","2912","2912","","","","","point","","","","54"
"acd0f51a-3b40-449f-93f8-9a136a166178","point_task_17","53","numericResponse","0.51","2912","2912","","","","","point","","","","54"
"acd0f51a-3b40-449f-93f8-9a136a166178","point_task_17","53","windowEvents","{""focus"":2,""input"":0,""keydown"":0,""keyup"":0,""mousemove"":24,""mousedown"":2,""mouseup"":2,""resize"":0,""scroll"":0,""visibility"":0}","","","","","","","","","","",""
"acd0f51a-3b40-449f-93f8-9a136a166178","point_task_36","54","pixelResponse","82.00000000000001","7180","7180","","","","","point","","","","113"
"acd0f51a-3b40-449f-93f8-9a136a166178","point_task_36","54","numericResponse","0.59","7180","7180","","","","","point","","","","113"
"acd0f51a-3b40-449f-93f8-9a136a166178","point_task_36","54","windowEvents","{""focus"":2,""input"":0,""keydown"":0,""keyup"":0,""mousemove"":45,""mousedown"":2,""mouseup"":2,""resize"":0,""scroll"":0,""visibility"":0}","","","","","","","","","","",""
"acd0f51a-3b40-449f-93f8-9a136a166178","point_task_10","55","pixelResponse","112.00000000000001","3294","3294","","","","","point","","","","31"
"acd0f51a-3b40-449f-93f8-9a136a166178","point_task_10","55","numericResponse","0.44","3294","3294","","","","","point","","","","31"
"acd0f51a-3b40-449f-93f8-9a136a166178","point_task_10","55","windowEvents","{""focus"":2,""input"":0,""keydown"":0,""keyup"":0,""mousemove"":26,""mousedown"":2,""mouseup"":2,""resize"":0,""scroll"":0,""visibility"":0}","","","","","","","","","","",""
"acd0f51a-3b40-449f-93f8-9a136a166178","point_task_20","56","pixelResponse","72","9065","9065","","","","","point","","","","65"
"acd0f51a-3b40-449f-93f8-9a136a166178","point_task_20","56","numericResponse","0.64","9065","9065","","","","","point","","","","65"
"acd0f51a-3b40-449f-93f8-9a136a166178","point_task_20","56","windowEvents","{""focus"":2,""input"":0,""keydown"":0,""keyup"":0,""mousemove"":47,""mousedown"":2,""mouseup"":2,""resize"":0,""scroll"":0,""visibility"":0}","","","","","","","","","","",""
"acd0f51a-3b40-449f-93f8-9a136a166178","point_task_22","57","pixelResponse","98","5803","5803","","","","","point","","","","67"
"acd0f51a-3b40-449f-93f8-9a136a166178","point_task_22","57","numericResponse","0.51","5803","5803","","","","","point","","","","67"
"acd0f51a-3b40-449f-93f8-9a136a166178","point_task_22","57","windowEvents","{""focus"":2,""input"":0,""keydown"":0,""keyup"":0,""mousemove"":39,""mousedown"":2,""mouseup"":2,""resize"":0,""scroll"":0,""visibility"":0}","","","","","","","","","","",""
"acd0f51a-3b40-449f-93f8-9a136a166178","point_task_13","58","pixelResponse","104.00000000000001","6060","6060","","","","","point","","","","42"
"acd0f51a-3b40-449f-93f8-9a136a166178","point_task_13","58","numericResponse","0.48","6060","6060","","","","","point","","","","42"
"acd0f51a-3b40-449f-93f8-9a136a166178","point_task_13","58","windowEvents","{""focus"":2,""input"":0,""keydown"":0,""keyup"":0,""mousemove"":52,""mousedown"":2,""mouseup"":2,""resize"":0,""scroll"":0,""visibility"":0}","","","","","","","","","","",""
"acd0f51a-3b40-449f-93f8-9a136a166178","point_task_3","59","pixelResponse","114.00000000000001","2865","2865","","","","","point","","","","16"
"acd0f51a-3b40-449f-93f8-9a136a166178","point_task_3","59","numericResponse","0.43","2865","2865","","","","","point","","","","16"
"acd0f51a-3b40-449f-93f8-9a136a166178","point_task_3","59","windowEvents","{""focus"":2,""input"":0,""keydown"":0,""keyup"":0,""mousemove"":23,""mousedown"":2,""mouseup"":2,""resize"":0,""scroll"":0,""visibility"":0}","","","","","","","","","","",""
"acd0f51a-3b40-449f-93f8-9a136a166178","point_task_43","60","pixelResponse","116.00000000000001","2918","2918","","","","","point","","","","136"
"acd0f51a-3b40-449f-93f8-9a136a166178","point_task_43","60","numericResponse","0.42","2918","2918","","","","","point","","","","136"
"acd0f51a-3b40-449f-93f8-9a136a166178","point_task_43","60","windowEvents","{""focus"":2,""input"":0,""keydown"":0,""keyup"":0,""mousemove"":25,""mousedown"":2,""mouseup"":2,""resize"":0,""scroll"":0,""visibility"":0}","","","","","","","","","","",""
"acd0f51a-3b40-449f-93f8-9a136a166178","point_task_16","61","pixelResponse","110.00000000000001","4094","4094","","","","","point","","","","53"
"acd0f51a-3b40-449f-93f8-9a136a166178","point_task_16","61","numericResponse","0.45","4094","4094","","","","","point","","","","53"
"acd0f51a-3b40-449f-93f8-9a136a166178","point_task_16","61","windowEvents","{""focus"":2,""input"":0,""keydown"":0,""keyup"":0,""mousemove"":34,""mousedown"":2,""mouseup"":2,""resize"":0,""scroll"":0,""visibility"":0}","","","","","","","","","","",""
"acd0f51a-3b40-449f-93f8-9a136a166178","point_task_40","62","pixelResponse","116.00000000000001","4392","4392","","","","","point","","","","125"
"acd0f51a-3b40-449f-93f8-9a136a166178","point_task_40","62","numericResponse","0.42","4392","4392","","","","","point","","","","125"
"acd0f51a-3b40-449f-93f8-9a136a166178","point_task_40","62","windowEvents","{""focus"":2,""input"":0,""keydown"":0,""keyup"":0,""mousemove"":28,""mousedown"":2,""mouseup"":2,""resize"":0,""scroll"":0,""visibility"":0}","","","","","","","","","","",""
"acd0f51a-3b40-449f-93f8-9a136a166178","point_task_14","63","pixelResponse","95.99999999999999","5123","5123","","","","","point","","","","43"
"acd0f51a-3b40-449f-93f8-9a136a166178","point_task_14","63","numericResponse","0.52","5123","5123","","","","","point","","","","43"
"acd0f51a-3b40-449f-93f8-9a136a166178","point_task_14","63","windowEvents","{""focus"":2,""input"":0,""keydown"":0,""keyup"":0,""mousemove"":34,""mousedown"":2,""mouseup"":2,""resize"":0,""scroll"":0,""visibility"":0}","","","","","","","","","","",""
"acd0f51a-3b40-449f-93f8-9a136a166178","point_task_37","64","pixelResponse","130","3975","3975","","","","","point","","","","114"
"acd0f51a-3b40-449f-93f8-9a136a166178","point_task_37","64","numericResponse","0.35","3975","3975","","","","","point","","","","114"
"acd0f51a-3b40-449f-93f8-9a136a166178","point_task_37","64","windowEvents","{""focus"":2,""input"":0,""keydown"":0,""keyup"":0,""mousemove"":28,""mousedown"":2,""mouseup"":2,""resize"":0,""scroll"":0,""visibility"":0}","","","","","","","","","","",""
"acd0f51a-3b40-449f-93f8-9a136a166178","attention_check","65","attention_check","stock","7021","7021","","","","","","","","",""
"acd0f51a-3b40-449f-93f8-9a136a166178","attention_check","65","windowEvents","{""focus"":2,""input"":2,""keydown"":2,""keyup"":3,""mousemove"":24,""mousedown"":2,""mouseup"":2,""resize"":0,""scroll"":0,""visibility"":0}","","","","","","","","","","",""
"acd0f51a-3b40-449f-93f8-9a136a166178","point_task_8","66","pixelResponse","94","4143","4143","","","","","point","","","","29"
"acd0f51a-3b40-449f-93f8-9a136a166178","point_task_8","66","numericResponse","0.53","4143","4143","","","","","point","","","","29"
"acd0f51a-3b40-449f-93f8-9a136a166178","point_task_8","66","windowEvents","{""focus"":2,""input"":0,""keydown"":0,""keyup"":0,""mousemove"":25,""mousedown"":2,""mouseup"":2,""resize"":0,""scroll"":0,""visibility"":0}","","","","","","","","","","",""
"acd0f51a-3b40-449f-93f8-9a136a166178","point_task_30","67","pixelResponse","98","3132","3132","","","","","point","","","","91"
"acd0f51a-3b40-449f-93f8-9a136a166178","point_task_30","67","numericResponse","0.51","3132","3132","","","","","point","","","","91"
"acd0f51a-3b40-449f-93f8-9a136a166178","point_task_30","67","windowEvents","{""focus"":2,""input"":0,""keydown"":0,""keyup"":0,""mousemove"":25,""mousedown"":2,""mouseup"":2,""resize"":0,""scroll"":0,""visibility"":0}","","","","","","","","","","",""
"acd0f51a-3b40-449f-93f8-9a136a166178","point_task_45","68","pixelResponse","131.99999999999997","4831","4831","","","","","point","","","","138"
"acd0f51a-3b40-449f-93f8-9a136a166178","point_task_45","68","numericResponse","0.34","4831","4831","","","","","point","","","","138"
"acd0f51a-3b40-449f-93f8-9a136a166178","point_task_45","68","windowEvents","{""focus"":2,""input"":0,""keydown"":0,""keyup"":0,""mousemove"":38,""mousedown"":2,""mouseup"":2,""resize"":0,""scroll"":0,""visibility"":0}","","","","","","","","","","",""
"acd0f51a-3b40-449f-93f8-9a136a166178","point_task_19","69","pixelResponse","122","3771","3771","","","","","point","","","","64"
"acd0f51a-3b40-449f-93f8-9a136a166178","point_task_19","69","numericResponse","0.39","3771","3771","","","","","point","","","","64"
"acd0f51a-3b40-449f-93f8-9a136a166178","point_task_19","69","windowEvents","{""focus"":2,""input"":0,""keydown"":0,""keyup"":0,""mousemove"":31,""mousedown"":2,""mouseup"":2,""resize"":0,""scroll"":0,""visibility"":0}","","","","","","","","","","",""
"acd0f51a-3b40-449f-93f8-9a136a166178","point_task_5","70","pixelResponse","102","6083","6083","","","","","point","","","","18"
"acd0f51a-3b40-449f-93f8-9a136a166178","point_task_5","70","numericResponse","0.49","6083","6083","","","","","point","","","","18"
"acd0f51a-3b40-449f-93f8-9a136a166178","point_task_5","70","windowEvents","{""focus"":2,""input"":0,""keydown"":0,""keyup"":0,""mousemove"":42,""mousedown"":2,""mouseup"":2,""resize"":0,""scroll"":0,""visibility"":0}","","","","","","","","","","",""
"acd0f51a-3b40-449f-93f8-9a136a166178","point_task_24","71","pixelResponse","52.00000000000001","5687","5687","","","","","point","","","","77"
"acd0f51a-3b40-449f-93f8-9a136a166178","point_task_24","71","numericResponse","0.74","5687","5687","","","","","point","","","","77"
"acd0f51a-3b40-449f-93f8-9a136a166178","point_task_24","71","windowEvents","{""focus"":2,""input"":0,""keydown"":0,""keyup"":0,""mousemove"":49,""mousedown"":2,""mouseup"":2,""resize"":0,""scroll"":0,""visibility"":0}","","","","","","","","","","",""
"acd0f51a-3b40-449f-93f8-9a136a166178","post_study","72","gender","Female","9830","9830","","","","","","","","",""
"acd0f51a-3b40-449f-93f8-9a136a166178","post_study","72","gender-other","","9830","9830","","","","","","","","",""
"acd0f51a-3b40-449f-93f8-9a136a166178","post_study","72","age","27","9830","9830","","","","","","","","",""
"acd0f51a-3b40-449f-93f8-9a136a166178","post_study","72","feedback","Yes","9830","9830","","","","","","","","",""
"acd0f51a-3b40-449f-93f8-9a136a166178","post_study","72","feedback-text","asdfosadflkasdhfashdf","9830","9830","","","","","","","","",""
"acd0f51a-3b40-449f-93f8-9a136a166178","post_study","72","strategy","asdfsafdlahsdfkjasf","9830","9830","","","","","","","","",""
"acd0f51a-3b40-449f-93f8-9a136a166178","post_study","72","windowEvents","{""focus"":6,""input"":17,""keydown"":18,""keyup"":17,""mousemove"":45,""mousedown"":6,""mouseup"":6,""resize"":0,""scroll"":0,""visibility"":0}","","","","","","","","","","",""